ID,Actual Electricity energy,Predicted Electricity energy,Actual Gas energy,Predicted Gas energy
Test_0,0.2628225823545072,0.2621937255859375,0.08950017628944722,0.08935381317138671
Test_1,0.23078548558035766,0.2307088623046875,0.05401532509003407,0.05484483337402344
Test_2,0.3025608179696404,0.30137319946289065,0.0,-1.1021860875189304e-05
Test_3,0.36488641272590605,0.3631907958984375,0.0,-0.00018487821519374848
Test_4,0.3762176479916827,0.38700137329101564,0.0,0.0007963159084320068
Test_5,0.2940465556647896,0.2941376037597656,0.0,-2.396567352116108e-05
Test_6,0.24537769612495414,0.24637150573730468,0.07219992192483796,0.07083509063720703
Test_7,0.29545806175172046,0.30168524169921873,0.0,5.584718286991119e-05
Test_8,0.2681895008199342,0.26644329833984376,0.10893564524683805,0.10512877655029297
Test_9,0.2968885795610793,0.29940478515625,0.06501605903665619,0.06345661163330078
Test_10,0.2791801028676563,0.27957879638671873,0.0,-5.143267661333084e-05
Test_11,0.24569334238340532,0.24544866943359375,0.08404130274328407,0.08401619720458985
Test_12,0.23499119439668817,0.23613287353515625,0.05761319077447462,0.059435134887695314
Test_13,0.23882785003332546,0.2399136505126953,0.0584521067150042,0.05911227035522461
Test_14,0.3048615114363832,0.30651852416992187,0.0,1.1291325092315675e-05
Test_15,0.2966557542346858,0.3026511535644531,0.0,-0.00011024475842714309
Test_16,0.2723007986673504,0.27300631713867185,0.07437414237596884,0.07458708190917969
Test_17,0.2609180557298976,0.25998922729492185,0.06279880764066953,0.06421163940429687
Test_18,0.28798246346201534,0.2907195739746094,0.14162806155235255,0.13256501770019533
Test_19,0.3127248341891036,0.3138153076171875,0.0,-2.791159087792039e-06
Test_20,0.28963882853247525,0.29025677490234375,0.0,-3.9652615785598754e-05
Test_21,0.2753510754286964,0.2790700988769531,0.06421829591545893,0.0624431037902832
Test_22,0.2530183467667423,0.2560224304199219,0.05110154673654903,0.05211962127685547
Test_23,0.3246179645059806,0.324316650390625,0.07505222646843553,0.07231779479980469
Test_24,0.23996792399789593,0.24057693481445314,0.05119956721431823,0.05204118728637695
Test_25,0.3837594558274489,0.3906434326171875,0.0,3.381021320819855e-05
Test_26,0.38953100393031725,0.39593820190429685,0.0,-0.000806906521320343
Test_27,0.258926915919143,0.25681802368164064,0.05402388100110778,0.05363531112670898
Test_28,0.26534512605955324,0.26756820678710935,0.06737874147474975,0.06567598724365234
Test_29,0.2601467798504981,0.25835577392578124,0.06046645879485784,0.060909950256347656
Test_30,0.2626074120025047,0.2619267578125,0.052773288486616915,0.05351757049560547
Test_31,0.23236095406287002,0.23318502807617186,0.05739722648813652,0.060725635528564456
Test_32,0.29873155307239296,0.30195611572265624,0.0,-9.883680194616318e-05
Test_33,0.28500058540507367,0.28496029663085937,0.0,-7.000205665826797e-05
Test_34,0.29220246376011866,0.2943908386230469,0.0,-4.416001588106155e-05
Test_35,0.3093404970486095,0.30940493774414063,0.06267700330339393,0.06256639099121093
Test_36,0.26256894967278044,0.2632535705566406,0.05315936233589618,0.05368896484375
Test_37,0.27967377945435906,0.2788233642578125,0.056489305190474556,0.055351814270019534
Test_38,0.2908865911717929,0.291232177734375,0.05725573099625407,0.05943634796142578
Test_39,0.3662084860165503,0.3701080322265625,0.0,-4.7918461263179776e-05
Test_40,0.25612769100689425,0.25601763916015624,0.08791231036832911,0.08718841552734374
Test_41,0.304651454331543,0.3098482360839844,0.0,4.614322446286679e-06
Test_42,0.30520635399475204,0.3061152648925781,0.0,-2.5290140882134436e-05
Test_43,0.2908701468839936,0.2921482238769531,0.0,1.0519533418118954e-05
Test_44,0.3288523161912464,0.3246572265625,0.0,0.0002534777224063873
Test_45,0.3573650513373798,0.3556688842773438,0.0,-5.440298467874527e-05
Test_46,0.2586840284779516,0.26101376342773436,0.049703906200892746,0.04981330490112305
Test_47,0.35563035789105896,0.358874267578125,0.0,-2.6954084634780883e-05
Test_48,0.2943344903525721,0.2932953186035156,0.06276964606281003,0.060553855895996093
Test_49,0.34478207480430906,0.3439517517089844,0.0,4.2331304401159286e-05
Test_50,0.29394685512004687,0.29573898315429686,0.0,2.4951986968517302e-05
Test_51,0.24545582665415672,0.24703900146484375,0.07846651492207656,0.07803458404541015
Test_52,0.2660647412074654,0.2661724548339844,0.09027416259559493,0.08820934295654297
Test_53,0.307402874246748,0.3081500549316406,0.0,-7.492668181657791e-05
Test_54,0.36447728707690447,0.36231866455078127,0.0,7.323895394802094e-05
Test_55,0.27483423759609354,0.2753228454589844,0.053642154643380915,0.0537708740234375
Test_56,0.35351462488894175,0.3567227783203125,0.0,0.0003956550657749176
Test_57,0.32767238244211583,0.32147592163085936,0.0,0.00016637687385082244
Test_58,0.34037765626701816,0.34745050048828124,0.0,-1.0009498335421086e-05
Test_59,0.23933870542054914,0.24076119995117187,0.05572583061573593,0.055754135131835934
Test_60,0.3241943704356097,0.33268255615234377,0.06398477266711156,0.06818130493164062
Test_61,0.24446916057154247,0.24533192443847657,0.04996602915011639,0.05133212280273437
Test_62,0.23957200511777774,0.23893463134765625,0.05302804074503735,0.05385440444946289
Test_63,0.32537095050023274,0.32621237182617185,0.0,1.8329627811908722e-05
Test_64,0.25355405498906347,0.2527852325439453,0.09004616822573598,0.0871336669921875
Test_65,0.4279407980498364,0.42174960327148436,0.0,0.0008819594979286194
Test_66,0.2601998497538083,0.26056964111328124,0.05854389709050364,0.05761835861206055
Test_67,0.2729460546856975,0.27230172729492186,0.08394604471319199,0.08471826934814453
Test_68,0.2697637616043216,0.26867230224609373,0.08974735394926275,0.08887518310546876
Test_69,0.2819761391939873,0.28351937866210936,0.0,1.1628879234194756e-05
Test_70,0.357378855346985,0.3613272705078125,0.0,-1.1005216278135777e-05
Test_71,0.26986088601253866,0.2695309143066406,0.05921977971421732,0.059404861450195315
Test_72,0.2722303835348076,0.2704327392578125,0.09783965100702476,0.09747808074951173
Test_73,0.32481208880410023,0.327406982421875,0.0,-0.0001844831258058548
Test_74,0.3198213026216686,0.3211199951171875,0.0,4.3647907674312594e-05
Test_75,0.2656529743945885,0.2649497375488281,0.08931264937548236,0.08858705902099609
Test_76,0.33551906178317625,0.33490518188476565,0.0,0.00010932400077581405
Test_77,0.33281679183215335,0.33056838989257814,0.07305575287853179,0.07087253570556641
Test_78,0.2572061664877126,0.2542463531494141,0.06670892303355849,0.06719208526611328
Test_79,0.28263297443499563,0.28370928955078123,0.0,-6.589257158339024e-06
Test_80,0.24454704037022945,0.24783889770507814,0.051889667927147914,0.05466275024414063
Test_81,0.3041136980458964,0.3032421264648438,0.0,1.3285606168210506e-05
Test_82,0.3445688240765174,0.3488137512207031,0.0,0.0003827732801437378
Test_83,0.24598336675660304,0.24928814697265625,0.06184619222532912,0.05975415420532226
Test_84,0.2606213111870832,0.25930142211914065,0.05161947050864787,0.055177135467529295
Test_85,0.3307874612280186,0.33143853759765624,0.0,-1.0443896986544133e-05
Test_86,0.331657049579857,0.33181658935546876,0.0,-5.482624471187592e-05
Test_87,0.31771778812607276,0.3162168273925781,0.0,5.506067723035812e-05
Test_88,0.27401277265317403,0.27372891235351565,0.0832915887356933,0.08252322387695313
Test_89,0.2831254506312013,0.2834417724609375,0.0,3.303708881139755e-05
Test_90,0.24282905282392167,0.24079864501953124,0.049829445950067816,0.05124954605102539
Test_91,0.23600058499625007,0.2359470672607422,0.07263265902966667,0.07281504058837891
Test_92,0.2511504182660237,0.25114556884765626,0.052762195104469015,0.05431482696533203
Test_93,0.24096491598920514,0.24463323974609374,0.0571414767938051,0.06007980346679687
Test_94,0.3379690581641832,0.33817620849609376,0.0,-8.904539979994297e-06
Test_95,0.3183482633430287,0.31813970947265624,0.0,-8.630306459963321e-06
Test_96,0.36529877966215496,0.35902239990234375,0.0,0.0002871333956718445
Test_97,0.2876362749237445,0.2933407897949219,0.0,-0.00015041674673557282
Test_98,0.3156723045159622,0.31840106201171875,0.06125059436625544,0.06636327362060547
Test_99,0.2716129746367222,0.2738579406738281,0.05801258251878251,0.058912948608398436
Test_100,0.2330978485758393,0.23212681579589844,0.062129960173051384,0.08120465850830078
Test_101,0.32703417824636244,0.3285180969238281,0.0,-2.826329320669174e-05
Test_102,0.3481554734228094,0.3498453369140625,0.0,1.1821098625659943e-05
Test_103,0.260137925626737,0.25729345703125,0.058778475545679554,0.05909011459350586
Test_104,0.32206439797608,0.3234974670410156,0.0,5.677345395088196e-05
Test_105,0.30664486873960906,0.3038509521484375,0.0,6.05621887370944e-06
Test_106,0.24941830014179844,0.25173550415039064,0.08946909621131557,0.08619438171386719
Test_107,0.38505050713345684,0.3980870361328125,0.0,0.0007150631546974182
Test_108,0.29975088610961464,0.29972415161132815,0.0,-5.809002555906772e-06
Test_109,0.35824743222266586,0.36075424194335937,0.0,-7.357154786586761e-05
Test_110,0.3225622338155779,0.31994027709960937,0.07182190768953532,0.07368952178955078
Test_111,0.2781363335250606,0.2789165954589844,0.05274207646722168,0.05300165176391602
Test_112,0.3239069397550345,0.32311114501953125,0.0,-4.755333065986633e-05
Test_113,0.28298678749430944,0.28358477783203123,0.0,9.166584350168705e-07
Test_114,0.27658012066887805,0.27691156005859374,0.0,5.3702875971794126e-05
Test_115,0.26038385194888813,0.26025259399414064,0.09642432936419823,0.09536976623535157
Test_116,0.2897595906474796,0.28966680908203124,0.07325395859231051,0.07099026489257812
Test_117,0.340266795127413,0.33681524658203127,0.05909596564848266,0.05941261291503906
Test_118,0.2546092922419542,0.25371260070800783,0.06492862970803459,0.0669047088623047
Test_119,0.3487032675985373,0.3466853332519531,0.0,1.1335557326674461e-05
Test_120,0.25154021804160936,0.2503035125732422,0.07353222701748359,0.07252941131591797
Test_121,0.2866997159071174,0.2877082824707031,0.06166502106727131,0.06267100524902344
Test_122,0.25904829274645363,0.2651324157714844,0.12309511946293136,0.1159413833618164
Test_123,0.34201936385505577,0.3425688171386719,0.0,-0.00016751782596111298
Test_124,0.2424924821942414,0.24456674194335937,0.05743543810587082,0.05515045928955078
Test_125,0.30659283562556816,0.30486151123046873,0.0,5.236680805683136e-05
Test_126,0.2522660995842331,0.25215963745117187,0.08791375786988984,0.08636711120605468
Test_127,0.37891766987926856,0.39456881713867187,0.0,-0.00034935420751571654
Test_128,0.323920780583025,0.32332315063476563,0.0,-2.3481674492359163e-05
Test_129,0.3025687695655361,0.299966064453125,0.0,1.0038278065621853e-05
Test_130,0.32119637304866966,0.3212159729003906,0.0,-4.2778871953487396e-05
Test_131,0.3325456999721074,0.33064593505859374,0.0,2.8199419379234315e-05
Test_132,0.3433577241827264,0.33936572265625,0.0,0.00015565142035484314
Test_133,0.2951177835802073,0.2970951232910156,0.0,-6.746171414852143e-05
Test_134,0.32122085479561147,0.32213726806640625,0.0,-6.11790269613266e-05
Test_135,0.2610829736851563,0.2608438415527344,0.062358205123951696,0.06211970138549805
Test_136,0.24483227228926405,0.24443939208984375,0.05291945858719977,0.05431613540649414
Test_137,0.25823792488867037,0.2584210815429687,0.08122325654955916,0.08108900451660156
Test_138,0.2684824987225212,0.2691911926269531,0.05488632646009562,0.054782608032226565
Test_139,0.23488389873719523,0.23506794738769532,0.057187209596409404,0.05769943237304687
Test_140,0.305722365829403,0.30315643310546875,0.06603555614301077,0.06581044769287109
Test_141,0.35043676394844064,0.3483247680664063,0.0,-4.051888734102249e-05
Test_142,0.3038327848755534,0.3011725158691406,0.0,0.00032245928049087525
Test_143,0.3028818636935292,0.29937091064453125,0.0,0.0008455137014389038
Test_144,0.323232823918861,0.3175254516601563,0.05572709499312019,0.05675334167480469
Test_145,0.33234591335827307,0.33026849365234373,0.0,0.00023963546752929688
Test_146,0.3004810703982945,0.2987906799316406,0.06462625623777563,0.06475981140136719
Test_147,0.36964300344714607,0.36608779907226563,0.0,4.9384914338588716e-05
Test_148,0.35153238810796733,0.35460964965820313,0.0,0.0020454535484313967
Test_149,0.32459353077695513,0.3239788818359375,0.0,2.1566472947597504e-05
Test_150,0.28009935886452647,0.27783184814453127,0.0599997679289401,0.06124758148193359
Test_151,0.23737461502950266,0.23709571838378907,0.05005381997059562,0.050664905548095704
Test_152,0.333609523717798,0.32891781616210936,0.0,0.00047100630402565003
Test_153,0.3003936144127691,0.3062700500488281,0.0,-9.91850420832634e-05
Test_154,0.3042471425128606,0.3044682312011719,0.0,5.262627732008695e-06
Test_155,0.2498874993133925,0.2483324890136719,0.07373617428191102,0.0734951400756836
Test_156,0.32982748093087955,0.32873687744140623,0.0,2.0994603633880615e-05
Test_157,0.3863036455351092,0.3877581176757813,0.0,-0.00016977396607398986
Test_158,0.3712360323925741,0.3672875061035156,0.0,3.021351003553718e-07
Test_159,0.33364724845642585,0.3312398986816406,0.0,-1.5749158337712287e-05
Test_160,0.24628242288875432,0.24563432312011718,0.07309792514741194,0.07240377807617188
Test_161,0.28122255154679754,0.28238381958007813,0.0712697492487748,0.07012964630126953
Test_162,0.30639348767909164,0.3066317138671875,0.0,-7.321410812437535e-06
Test_163,0.3115467146063523,0.31030108642578125,0.0,0.0002710913121700287
Test_164,0.3256710673711924,0.3259932556152344,0.0,0.0001245817244052887
Test_165,0.2565201448280947,0.25728262329101564,0.08439386853282742,0.08402425384521485
Test_166,0.27398457837872114,0.2751507568359375,0.07692446718519973,0.07328974151611328
Test_167,0.3198485734760453,0.32099630737304685,0.0,-7.078368961811065e-05
Test_168,0.3265745494172797,0.3258385314941406,0.0,8.265629410743713e-06
Test_169,0.3220604229511616,0.3236561279296875,0.0,-3.4964919090271e-05
Test_170,0.26463881947489953,0.2639033508300781,0.0641733796673757,0.06524791717529296
Test_171,0.3629890607136867,0.36074826049804687,0.0,-2.89082620292902e-06
Test_172,0.30925316839313666,0.30934646606445315,0.0,-8.38824431411922e-07
Test_173,0.3869068693650962,0.39402716064453125,0.0,0.0007628758549690247
Test_174,0.23820397045125868,0.23747544860839845,0.06329696996498878,0.06354533767700195
Test_175,0.29675671160216505,0.2951999206542969,0.0,-1.0653600329533219e-06
Test_176,0.24338726276876083,0.2429622802734375,0.07381711272177592,0.07478559875488282
Test_177,0.3284802882233603,0.32730960083007815,0.0,9.906305931508542e-06
Test_178,0.25911384611516364,0.2606795654296875,0.051023967068888905,0.05271329498291016
Test_179,0.2570160885662196,0.25800604248046877,0.0620169007745981,0.06360618209838867
Test_180,0.2826387537523526,0.2773668518066406,0.08786698213371634,0.09209141540527344
Test_181,0.25075135283541305,0.24849955749511718,0.04868431404768912,0.049931556701660156
Test_182,0.2986702282951055,0.30020846557617187,0.0,-0.00018616075813770295
Test_183,0.3109094114179729,0.30997052001953124,0.0,5.689816176891327e-05
Test_184,0.3266498946445755,0.3304647521972656,0.06858096437675158,0.07010384368896484
Test_185,0.336461718647965,0.3372929992675781,0.0,0.00010051979124546051
Test_186,0.25526754901619403,0.254746337890625,0.06299381014298853,0.06436948394775391
Test_187,0.259776332352026,0.2597254333496094,0.07379395981363093,0.07292279815673829
Test_188,0.33133602782667937,0.32664813232421874,0.0,-3.775290446355939e-06
Test_189,0.3246393733697659,0.32237063598632815,0.0,1.9066600129008293e-05
Test_190,0.23786379510901032,0.23831727600097657,0.04876610509167434,0.04885657119750977
Test_191,0.3321459879608216,0.3316201171875,0.0,4.416811466217041e-05
Test_192,0.29559806264670396,0.29429092407226565,0.0,1.3663887046277522e-05
Test_193,0.2461064647902842,0.24446041870117188,0.06046670314247208,0.060179462432861326
Test_194,0.30173144803313884,0.30362911987304686,0.0,7.018958032131195e-05
Test_195,0.2508965369919862,0.2501369476318359,0.08351087143237859,0.08299294281005859
Test_196,0.3732174060403175,0.3670202331542969,0.0,0.0006385787725448609
Test_197,0.24933170615741818,0.24920989990234374,0.05004763395680192,0.05246619415283203
Test_198,0.2855101207378269,0.2905776062011719,0.0,-1.1977889575064182e-05
Test_199,0.23292724749197846,0.23362196350097655,0.05458239836474594,0.05451660919189453
Test_200,0.349260043620874,0.3445851745605469,0.0,0.0005758903622627258
Test_201,0.2556296062539535,0.25703204345703123,0.05573011703797327,0.05821272659301758
Test_202,0.28897052183113175,0.288299072265625,0.08175626048767029,0.08176679229736328
Test_203,0.3759482678089702,0.3722503662109375,0.0,-5.39083331823349e-05
Test_204,0.32523259030543644,0.3250726623535156,0.0,-9.342539310455322e-05
Test_205,0.24706635831301993,0.24840623474121093,0.061580097905866535,0.061909965515136715
Test_206,0.24868936666722152,0.25056517028808595,0.061134868037591945,0.06353975296020507
Test_207,0.3279914887609813,0.32459075927734377,0.0,-2.101709134876728e-05
Test_208,0.2821413518599358,0.27789642333984377,0.05141117641605546,0.05063193130493164
Test_209,0.29898176916475006,0.3000869445800781,0.0,-8.68266373872757e-05
Test_210,0.36267938297188973,0.36242059326171877,0.0,-0.00010709871351718903
Test_211,0.33501971754724735,0.33365182495117185,0.0,1.2357807718217372e-05
Test_212,0.31993678262684944,0.3215635681152344,0.0,-0.0001501734256744385
Test_213,0.28199245447471877,0.2821348571777344,0.05855817260563377,0.05828429794311524
Test_214,0.2504736623298888,0.2544222412109375,0.08561314207396487,0.08035248565673828
Test_215,0.35274990878258,0.34825094604492185,0.0,-2.7638519182801245e-05
Test_216,0.30443655540028974,0.3055170593261719,0.0,-4.345438629388809e-05
Test_217,0.3500900529768979,0.3497068176269531,0.0,-7.490923255681992e-05
Test_218,0.2527988440477128,0.25261363220214844,0.04962274527051182,0.050848995208740234
Test_219,0.29757482387534034,0.2984342041015625,0.0,-2.2545985877513885e-05
Test_220,0.24653570382431222,0.24746585083007813,0.054171817215145815,0.05314842987060547
Test_221,0.2353919794128407,0.23511585998535156,0.05550596152821373,0.056499130249023435
Test_222,0.30101904953910685,0.2977296142578125,0.0,5.2558161318302155e-05
Test_223,0.32509227307692456,0.33314688110351565,0.06921845978738739,0.07015020751953124
Test_224,0.22984086358403327,0.22820196533203124,0.05228125535749446,0.05317939758300781
Test_225,0.31223835749309964,0.31235842895507815,0.0,0.00015234041213989258
Test_226,0.2610515682461961,0.2590416259765625,0.06923627104429912,0.07384159851074219
Test_227,0.24649585759565093,0.24502224731445313,0.0756234580517463,0.0753332748413086
Test_228,0.32951144110859965,0.33334170532226565,0.0,-0.0002164962887763977
Test_229,0.4076754472560731,0.39183401489257813,0.0,0.0007690446972846985
Test_230,0.276503630581446,0.27665884399414065,0.08178704934306363,0.08131342315673828
Test_231,0.3135109679715708,0.3149573974609375,0.0,-4.13353368639946e-05
Test_232,0.3481400312429598,0.3485713500976563,0.0,8.063157647848129e-05
Test_233,0.36358495114052486,0.36193844604492187,0.0,6.780735217034817e-06
Test_234,0.24799333403375387,0.2512643585205078,0.07072636985358072,0.07110092926025391
Test_235,0.3241392751687377,0.3281259765625,0.06425793220163137,0.06463919067382813
Test_236,0.335223002390967,0.3334705505371094,0.0,2.2830424830317497e-05
Test_237,0.3046998446231791,0.31126031494140627,0.0,-3.930091857910156e-05
Test_238,0.28011412883453285,0.2810575256347656,0.06019003339207555,0.06145199203491211
Test_239,0.2450438100729918,0.24543980407714844,0.05918130591694508,0.05960734558105469
Test_240,0.24238996988555664,0.24308203125,0.05440899826994837,0.05316307830810547
Test_241,0.2982076014940228,0.2995701599121094,0.0,-0.00010073985904455185
Test_242,0.3231194907917879,0.3237169189453125,0.0,-4.677288234233856e-05
Test_243,0.27536803597533016,0.27585617065429685,0.10046727968337417,0.09321604156494141
Test_244,0.24488057449829154,0.24429031372070312,0.06789456511966,0.06787400817871093
Test_245,0.3122006778789623,0.3109445495605469,0.0,3.4504234790802e-05
Test_246,0.3224375900142281,0.32517874145507814,0.0,-3.892680257558823e-05
Test_247,0.2683359151877828,0.2682021484375,0.08177951481867876,0.08158927154541015
Test_248,0.3399722969533696,0.34084161376953126,0.0,-2.896939218044281e-05
Test_249,0.324404186460259,0.3252980041503906,0.0,-3.991132974624634e-05
Test_250,0.2762167079860466,0.27873968505859376,0.07244975191686358,0.06967084503173829
Test_251,0.23439987246017774,0.23377197265625,0.05506692220123751,0.05552383804321289
Test_252,0.2770940846581957,0.2766697692871094,0.06036597793525775,0.06064917755126953
Test_253,0.30356765619763926,0.3041423950195313,0.0,1.0304137133061886e-05
Test_254,0.2904652229466295,0.2907435607910156,0.062336945162206114,0.0637499656677246
Test_255,0.25086351714537847,0.25209986877441404,0.0626045480773291,0.06245256042480469
Test_256,0.30298498183335737,0.30443588256835935,0.0,2.9962308704853058e-05
Test_257,0.2402140154344981,0.23961021423339843,0.054105189439255075,0.05440792083740234
Test_258,0.2625880109179094,0.26243048095703125,0.0524650620721653,0.05324492263793945
Test_259,0.400367365356009,0.401368896484375,0.0,-0.0008492082953453064
Test_260,0.3058712701926351,0.3106542053222656,0.0,-4.1797091253101826e-06
Test_261,0.3465309808796435,0.34694866943359376,0.0,3.031971864402294e-05
Test_262,0.3021917561685306,0.3019686584472656,0.05961601269769849,0.06088418960571289
Test_263,0.31771743858585644,0.3186678466796875,0.0,2.7261339128017425e-05
Test_264,0.29183409278093525,0.29231488037109377,0.0,-1.1612855829298497e-05
Test_265,0.26526762169749496,0.26611898803710937,0.08938992487721144,0.0876047134399414
Test_266,0.3455257420594666,0.34539007568359376,0.0,7.755948696285487e-06
Test_267,0.2687761140811703,0.268090576171875,0.09701423591342091,0.09507298278808594
Test_268,0.32422701421609856,0.3209242248535156,0.0,4.3514229357242587e-05
Test_269,0.2763344414262029,0.27678680419921875,0.06258748678884171,0.06317937850952149
Test_270,0.24800254607343472,0.24578492736816407,0.0479485863264902,0.04912561416625977
Test_271,0.2310421670397858,0.23223497009277344,0.0524335464669276,0.053388153076171875
Test_272,0.2531978720455141,0.25221270751953123,0.09058927991680893,0.08902597808837891
Test_273,0.28488049379496794,0.28653411865234374,0.0,-5.858609825372696e-05
Test_274,0.3430380553302054,0.34175332641601563,0.0,0.00034685525298118594
Test_275,0.29883256412528053,0.3013568115234375,0.0,-0.00014269551634788513
Test_276,0.233703098538211,0.23280267333984375,0.06510021893403098,0.07505144500732422
Test_277,0.25503743697033565,0.25669711303710935,0.05158804541472525,0.052539321899414064
Test_278,0.2856613009698569,0.28719573974609375,0.0,-4.9653641879558566e-05
Test_279,0.3650480272146734,0.361805419921875,0.0,-3.796566277742386e-05
Test_280,0.24840397079244841,0.2533622589111328,0.09636804211167058,0.102841552734375
Test_281,0.30436535704230405,0.29852410888671876,0.13806080171340354,0.1204118881225586
Test_282,0.23327296691198576,0.23576614379882813,0.0612562256686513,0.062157691955566405
Test_283,0.2668957347519507,0.26765835571289065,0.07194153320932803,0.07038748168945312
Test_284,0.3073720621579934,0.3082272644042969,0.06785587356202381,0.0681887435913086
Test_285,0.35028547282983635,0.34882916259765623,0.0,-6.667330861091614e-06
Test_286,0.2742101415297136,0.273838134765625,0.09086480873167033,0.08950471496582031
Test_287,0.29823711848391293,0.30315264892578125,0.0,-0.00013863298296928406
Test_288,0.380050175967824,0.3845321960449219,0.0,0.00028181451559066773
Test_289,0.28199763090618307,0.28236669921875,0.08937522410588129,0.08703167724609374
Test_290,0.25373870317741704,0.25696151733398437,0.06235770539838595,0.06369649505615234
Test_291,0.3512731269722674,0.3523773498535156,0.0,-0.00011846542358398437
Test_292,0.3890753254078611,0.3943006591796875,0.0,0.0028433122634887696
Test_293,0.29810655783660944,0.3060401306152344,0.0,-5.576154589653015e-05
Test_294,0.3419026626552987,0.34043035888671874,0.0,6.165546178817749e-05
Test_295,0.36320885393952373,0.35806381225585937,0.058665122653157105,0.06332721710205078
Test_296,0.27822064353009374,0.27690872192382815,0.0,-1.8066132441163064e-05
Test_297,0.28789378809519783,0.2889613342285156,0.07159781517079723,0.06992181396484375
Test_298,0.2883272914509846,0.2906849060058594,0.13293110208317746,0.1265719451904297
Test_299,0.2777189029960192,0.27716903686523436,0.0672708538609577,0.06747394561767578
Test_300,0.28694242644932266,0.2897458801269531,0.0,-8.506470359861851e-06
Test_301,0.3207183230149736,0.3273150634765625,0.0,-0.00037606418132781985
Test_302,0.33223745631382573,0.33104647827148437,0.0,4.570801556110382e-05
Test_303,0.30503714835553825,0.3065115661621094,0.0,-6.421585381031037e-05
Test_304,0.3261313157389476,0.32785247802734374,0.0,1.6461983323097227e-05
Test_305,0.256527088665024,0.2567544860839844,0.08426358064487549,0.08393303680419922
Test_306,0.25845489584898296,0.2647549743652344,0.13040528188552972,0.12071747589111329
Test_307,0.3293319400712927,0.32677182006835936,0.0,2.6240257546305655e-05
Test_308,0.23636153367022866,0.23768601989746094,0.0481226182585686,0.04759154510498047
Test_309,0.3718965088011728,0.3703025817871094,0.0,9.845413267612458e-05
Test_310,0.3401255391311221,0.33973809814453126,0.0,0.00026197198033332824
Test_311,0.2527263407470474,0.25124809265136716,0.055700209961039526,0.05698099517822266
Test_312,0.26144078642356317,0.26108349609375,0.08951047267521584,0.0885082015991211
Test_313,0.29611233375188256,0.29827944946289064,0.0,-6.666999310255051e-05
Test_314,0.33743969701581905,0.33584262084960936,0.0,-6.969466060400009e-05
Test_315,0.25109982815443976,0.25470957946777345,0.06051612408340687,0.05988418579101563
Test_316,0.24457856754864415,0.24611920166015624,0.0567688882074381,0.060180458068847656
Test_317,0.3095847321580549,0.31233221435546876,0.0683106178871607,0.0658763198852539
Test_318,0.27857496459978187,0.2790247802734375,0.06737977917149472,0.06699233245849609
Test_319,0.329168112080948,0.32410928344726564,0.0,-2.3027025163173677e-05
Validation_0,0.2347591255130143,0.23500944519042968,0.048813083278497676,0.048963726043701174
Validation_1,0.32558940194261293,0.3241676635742187,0.0,3.518097847700119e-05
Validation_2,0.25892149862524017,0.2597060241699219,0.052169817103212446,0.05327532958984375
Validation_3,0.2492005225603141,0.24912440490722657,0.05031120595778035,0.05041703414916992
Validation_4,0.23654402567667418,0.2374904479980469,0.05340202595202736,0.05358200454711914
Validation_5,0.26590334222839385,0.26309344482421876,0.07000058614848352,0.07024210357666015
Validation_6,0.24629993094011718,0.24566653442382813,0.07230555483540581,0.07526947021484375
Validation_7,0.37049806753231473,0.36875860595703125,0.0,-4.161895252764225e-06
Validation_8,0.3497796520237761,0.34741610717773436,0.0,9.784869849681855e-06
Validation_9,0.2581318025932061,0.25847900390625,0.05884156732762832,0.059468254089355466
Validation_10,0.2525524512049983,0.2540757751464844,0.08333767506773562,0.08353255462646485
Validation_11,0.27616081163886214,0.2776399841308594,0.0,-4.94261309504509e-05
Validation_12,0.25560631787598886,0.2556719665527344,0.0724336011558803,0.07196711730957031
Validation_13,0.295674207020932,0.29359234619140623,0.0,0.00012462061643600463
Validation_14,0.2840294766702653,0.28424362182617186,0.0,9.03683602809906e-05
Validation_15,0.28790815127837643,0.29153070068359377,0.0,-0.00016239136457443237
Validation_16,0.33469938972180924,0.3353043823242188,0.0,6.546133011579513e-05
Validation_17,0.23394942522979925,0.2339453887939453,0.0534779766234588,0.05381032180786133
Validation_18,0.3068356021599763,0.3094029541015625,0.0,1.858554664067924e-06
Validation_19,0.3770505228013527,0.3761123046875,0.0,-4.22452762722969e-05
Validation_20,0.24428618915421005,0.24411534118652345,0.05452312430015623,0.056120651245117184
Validation_21,0.3419128954192265,0.3411007080078125,0.0,-0.00010166371613740921
Validation_22,0.29482266572579435,0.29971737670898435,0.05077036973717609,0.0510345458984375
Validation_23,0.23850750254579714,0.2381265869140625,0.05353535118407812,0.05489288330078125
Validation_24,0.28483304628100986,0.28678787231445313,0.0,1.1600813828408719e-05
Validation_25,0.2440603033135093,0.2438073272705078,0.09620475871414873,0.09587376403808594
Validation_26,0.3182470404730788,0.32085089111328124,0.0,4.220546782016754e-05
Validation_27,0.24643177857679988,0.24539202880859376,0.053111363753113164,0.0539017562866211
Validation_28,0.2614278197327147,0.26119775390625,0.08941057224468184,0.08705561065673828
Validation_29,0.34518566649984045,0.3445930480957031,0.0,1.5435077250003815e-05
Validation_30,0.28589658850205457,0.28622811889648436,0.0,5.1270358264446256e-05
Validation_31,0.33613138334417014,0.33502978515625,0.0,-1.4698424376547337e-05
Validation_32,0.2576058667197941,0.25521600341796874,0.058796065187101516,0.05867842483520508
Validation_33,0.2513627078336071,0.2532083282470703,0.08187092940600596,0.08120064544677734
Validation_34,0.2421798293115447,0.2445347442626953,0.0611083633222992,0.06153955841064453
Validation_35,0.28378996153392994,0.2836834716796875,0.0,3.633895516395569e-05
Validation_36,0.2444629103400712,0.24225808715820313,0.07357278650312668,0.07263461303710937
Validation_37,0.24650246586190241,0.24590576171875,0.09005554322141059,0.08876937866210938
Validation_38,0.30164975766988855,0.30384344482421877,0.0,-6.347383558750153e-05
Validation_39,0.26308400112864844,0.2635945739746094,0.0633199287063134,0.0634872932434082
Validation_40,0.24419836578583806,0.2442967987060547,0.0700691472355772,0.06958513641357422
Validation_41,0.33460076028983915,0.3361233215332031,0.0,-0.00021973776817321778
Validation_42,0.27396067974774113,0.27345294189453123,0.08947373370658483,0.08809926605224609
Validation_43,0.3464961583897134,0.3465240783691406,0.0,-0.00011824678629636765
Validation_44,0.24804118142899845,0.24986331176757812,0.06325473737530851,0.06456219482421875
Validation_45,0.2993464510916009,0.2994315185546875,0.0,-1.7211416736245154e-05
Validation_46,0.37291967117868724,0.3704334716796875,0.0,0.00014168092608451844
Validation_47,0.30895768562196224,0.3126350402832031,0.0699810527834718,0.06845169830322266
Validation_48,0.3132581792493501,0.3129187316894531,0.0,-2.152658440172672e-05
Validation_49,0.2612299179091822,0.2644233703613281,0.049484580743302316,0.051186447143554685
Validation_50,0.31632477431978306,0.3104896240234375,0.06353987324241621,0.06591724395751954
Validation_51,0.3535006199470775,0.36117559814453126,0.0,0.000565074622631073
Validation_52,0.2509770156252525,0.2505593109130859,0.04850024772232103,0.05070780563354492
Validation_53,0.33820948341138973,0.34039553833007813,0.0,-0.00010023321211338044
Validation_54,0.25714964578906613,0.25670034790039065,0.07597411514292361,0.07433741760253906
Validation_55,0.2701764919162343,0.27028073120117185,0.05717347063234603,0.05588601684570312
Validation_56,0.2849781287338476,0.28537481689453126,0.0,-4.779088497161865e-05
Validation_57,0.2897107781295837,0.2912204895019531,0.0724669668668862,0.06991710662841796
Validation_58,0.31203321648631205,0.31494677734375,0.0,-5.1079683005809784e-05
Validation_59,0.32468111213826395,0.3229602966308594,0.0,7.338319718837737e-05
Validation_60,0.3006414804773751,0.3039517822265625,0.0,-3.1821835786104204e-05
Validation_61,0.3080597904164947,0.306529541015625,0.0,0.00010557565838098526
Validation_62,0.3174354399417505,0.3181175231933594,0.0,4.372109472751617e-05
Validation_63,0.2941416940874736,0.2938738098144531,0.0,3.288121521472931e-05
Validation_64,0.29807242227482866,0.29791897583007815,0.0,-6.916993856430054e-05
Validation_65,0.34913046526538416,0.35026199340820313,0.0,-3.604298084974289e-05
Validation_66,0.30479234008975664,0.30064288330078126,0.14258162953606332,0.13536778259277343
Validation_67,0.2924106671920176,0.294630615234375,0.06512776314619179,0.0627848358154297
Validation_68,0.29612225279258303,0.30355804443359374,0.0,-1.8467609770596028e-06
Validation_69,0.36662870414685583,0.3621101989746094,0.0,0.00040964147448539735
Validation_70,0.419004618722724,0.415189697265625,0.0,-1.4397308230400086e-05
Validation_71,0.2463242986610238,0.24758721923828125,0.09004142797179335,0.09095844268798828
Validation_72,0.2818139279892838,0.2784139709472656,0.0840038651316556,0.08340975189208985
Validation_73,0.27420161104984564,0.27801617431640624,0.11887286444378188,0.12103105926513671
Validation_74,0.3265395140844528,0.32528338623046876,0.0,-3.460066393017769e-05
Validation_75,0.3382875125041599,0.33748019409179686,0.0,1.799961179494858e-05
Validation_76,0.30907519503079256,0.3086409606933594,0.0,4.5990444719791414e-05
Validation_77,0.23959050297772425,0.2376428680419922,0.054011217432598596,0.05384775924682617
Validation_78,0.2578748195013716,0.2585233459472656,0.0812312270422306,0.08752888488769531
Validation_79,0.27641282124763406,0.2765877685546875,0.06496526000996743,0.06665190124511719
