ID,Actual cost_equipment_envelope_total_cost_per_m_sq ,Predicted cost_equipment_envelope_total_cost_per_m_sq ,Actual cost_equipment_heating_and_cooling_total_cost_per_m_sq ,Predicted cost_equipment_heating_and_cooling_total_cost_per_m_sq ,Actual cost_equipment_lighting_total_cost_per_m_sq ,Predicted cost_equipment_lighting_total_cost_per_m_sq ,Actual cost_equipment_ventilation_total_cost_per_m_sq ,Predicted cost_equipment_ventilation_total_cost_per_m_sq ,Actual cost_equipment_renewables_total_cost_per_m_sq ,Predicted cost_equipment_renewables_total_cost_per_m_sq ,Actual cost_equipment_shw_total_cost_per_m_sq ,Predicted cost_equipment_shw_total_cost_per_m_sq 
Test_0,143.0237403061028,142.95960998535156,4.278527075986855,4.464563846588135,84.30021515367534,84.30021667480469,143.1714722547613,144.77154541015625,0,9.86066740926049e-21,3.374303060553476,3.374274969100952
Test_1,190.2157754318941,188.5550537109375,73.04186623684866,69.06068420410156,84.30021515367534,84.30021667480469,48.61287839175758,48.59983444213867,0,9.86066740926049e-21,3.374303060553476,3.374274969100952
Test_2,186.2186363756084,186.31494140625,16.46299102036728,14.84681510925293,84.30021515367534,84.30021667480469,139.0704696291352,139.55636596679688,0,9.86066740926049e-21,3.374303060553476,3.374274969100952
Test_3,144.0740339349548,143.97093200683594,5.285707932447878,5.124281406402588,84.30021515367534,84.30021667480469,183.4563533373431,183.98573303222656,0,9.86066740926049e-21,3.374303060553476,3.374274969100952
Test_4,144.2692611761821,144.43605041503906,3.794161446862051,3.5809195041656494,84.30021515367534,84.30021667480469,143.2004443832283,139.19720458984375,0,9.86066740926049e-21,3.374303060553476,3.374274969100952
Test_5,207.7427689496502,207.71334838867188,5.204361449539059,5.273787021636963,84.30021515367534,84.30021667480469,164.0844483572889,163.0018310546875,0,9.86066740926049e-21,3.374303060553476,3.374274969100952
Test_6,150.8611975981199,150.78854370117188,136.0397950103173,134.133544921875,84.30021515367534,84.30021667480469,49.54736986181893,49.73704528808594,0,9.86066740926049e-21,3.374303060553476,3.374274969100952
Test_7,152.618393890551,152.46334838867188,18.13260167554757,17.74220085144043,84.30021515367534,84.30021667480469,166.1732049693893,168.8863067626953,0,9.86066740926049e-21,3.374303060553476,3.374274969100952
Test_8,144.049832924514,144.02452087402344,74.32695932114547,74.28558349609375,84.30021515367534,84.30021667480469,48.59405298488484,48.513362884521484,0,9.86066740926049e-21,3.374303060553476,3.374274969100952
Test_9,151.3588403203946,151.34474182128906,5.053801372095825,4.849672794342041,84.30021515367534,84.30021667480469,163.1450346478159,162.54803466796875,0,9.86066740926049e-21,3.374303060553476,3.374274969100952
Test_10,185.0471865731672,184.84317016601562,102.5734460727654,103.95336151123047,84.30021515367534,84.30021667480469,49.54736986181893,49.3677978515625,0,9.86066740926049e-21,3.374303060553476,3.374274969100952
Test_11,153.9285515360625,153.9893798828125,5.023792982700056,4.882204532623291,84.30021515367534,84.30021667480469,158.6598166940772,160.64593505859375,0,9.86066740926049e-21,3.374303060553476,3.374274969100952
Test_12,160.5613554983789,159.88803100585938,78.69643988240166,80.06207275390625,84.30021515367534,84.30021667480469,49.51923969535656,49.56473922729492,0,9.86066740926049e-21,3.374303060553476,3.374274969100952
Test_13,198.9779013039185,199.0487518310547,78.78378804318963,78.27439880371094,84.30021515367534,84.30021667480469,49.54736986181893,49.32297134399414,0,9.86066740926049e-21,3.374303060553476,3.374274969100952
Test_14,161.0086532105307,161.00210571289062,92.38564105044044,90.00637817382812,84.30021515367534,84.30021667480469,48.61287839175758,48.509178161621094,0,9.86066740926049e-21,3.374303060553476,3.374274969100952
Test_15,153.8892599758465,153.9541015625,3.538593595302975,3.5595343112945557,84.30021515367534,84.30021667480469,143.6014125963561,144.3483428955078,0,9.86066740926049e-21,3.374303060553476,3.374274969100952
Test_16,146.3965105640325,146.41690063476562,68.3240940596774,67.3564682006836,84.30021515367534,84.30021667480469,48.13986845531061,48.008018493652344,0,9.86066740926049e-21,3.374303060553476,3.374274969100952
Test_17,152.9677649449335,152.95465087890625,5.541966624626137,5.663088321685791,84.30021515367534,84.30021667480469,184.0436973962649,182.98959350585938,0,9.86066740926049e-21,3.374303060553476,3.374274969100952
Test_18,153.0498670347696,152.9585723876953,5.039876615865414,4.866735935211182,84.30021515367534,84.30021667480469,172.4838829042422,174.4249267578125,0,9.86066740926049e-21,3.374303060553476,3.374274969100952
Test_19,140.3758561566205,140.41482543945312,68.2915381954984,67.41358947753906,84.30021515367534,84.30021667480469,48.59405298488484,48.71159744262695,0,9.86066740926049e-21,3.374303060553476,3.374274969100952
Test_20,198.9828667208689,199.06788635253906,101.2201108885549,101.23612213134766,84.30021515367534,84.30021667480469,46.327167436882,46.333621978759766,0,9.86066740926049e-21,3.374303060553476,3.374274969100952
Test_21,152.4202305766922,152.47120666503906,54.9442599564166,56.077510833740234,84.30021515367534,84.30021667480469,50.4661231190245,50.377174377441406,0,9.86066740926049e-21,3.374303060553476,3.374274969100952
Test_22,161.6738895492654,161.5828857421875,4.061387233869843,4.087610721588135,84.30021515367534,84.30021667480469,164.6956911838806,164.17433166503906,0,9.86066740926049e-21,3.374303060553476,3.374274969100952
Test_23,141.3698030974703,141.3816375732422,109.668033811467,109.86763000488281,84.30021515367534,84.30021667480469,48.61287839175758,48.65524673461914,0,9.86066740926049e-21,3.374303060553476,3.374274969100952
Test_24,151.0059934741468,150.8890380859375,10.08877733731891,9.327695846557617,84.30021515367534,84.30021667480469,101.9585979216924,100.90802764892578,0,9.86066740926049e-21,3.374303060553476,3.374274969100952
Test_25,145.7029065823726,145.69578552246094,121.4187793796165,120.61984252929688,84.30021515367534,84.30021667480469,47.26165890694334,47.408477783203125,0,9.86066740926049e-21,3.374303060553476,3.374274969100952
Test_26,153.0419439564183,152.7466583251953,5.036271291384052,5.062185764312744,84.30021515367534,84.30021667480469,150.5011832804481,151.29078674316406,0,9.86066740926049e-21,3.374303060553476,3.374274969100952
Test_27,141.7982754027493,141.7888641357422,10.417487939434,10.205190658569336,84.30021515367534,84.30021667480469,97.45498633646788,96.82308959960938,0,9.86066740926049e-21,3.374303060553476,3.374274969100952
Test_28,142.1450989823486,142.1669921875,79.9716453103364,79.9052734375,84.30021515367534,84.30021667480469,53.73839765563236,53.72343826293945,0,9.86066740926049e-21,3.374303060553476,3.374274969100952
Test_29,153.8892599758465,153.8798828125,73.87668235882349,73.63599395751953,84.30021515367534,84.30021667480469,52.78508077869828,52.590980529785156,0,9.86066740926049e-21,3.374303060553476,3.374274969100952
Test_30,138.6245104206831,138.72891235351562,4.945037152113174,4.942198276519775,84.30021515367534,84.30021667480469,184.6078982944441,182.05238342285156,0,9.86066740926049e-21,3.374303060553476,3.374274969100952
Test_31,151.2259614450486,151.20745849609375,83.64186563236312,83.9188461303711,84.30021515367534,84.30021667480469,47.26165890694334,47.27676773071289,0,9.86066740926049e-21,3.374303060553476,3.374274969100952
Test_32,142.5844304386104,142.5477752685547,97.18050672295868,97.10324096679688,84.30021515367534,84.30021667480469,52.80390618557102,52.670623779296875,0,9.86066740926049e-21,3.374303060553476,3.374274969100952
Test_33,149.1116437300385,149.08822631835938,12.46146944390353,12.357553482055664,84.30021515367534,84.30021667480469,121.7642644555161,121.16472625732422,0,9.86066740926049e-21,3.374303060553476,3.374274969100952
Test_34,168.7076401359402,169.07838439941406,43.77459770407756,46.757015228271484,84.30021515367534,84.30021667480469,50.42557941018619,50.407901763916016,0,9.86066740926049e-21,3.374303060553476,3.374274969100952
Test_35,152.0680745710635,152.01438903808594,104.6154414104548,105.97447204589844,84.30021515367534,84.30021667480469,50.4661231190245,50.39195251464844,0,9.86066740926049e-21,3.374303060553476,3.374274969100952
Test_36,141.5074962683812,141.49913024902344,10.4421423140311,10.973245620727539,84.30021515367534,84.30021667480469,97.32249605897016,96.41989135742188,0,9.86066740926049e-21,3.374303060553476,3.374274969100952
Test_37,147.4813678126129,147.56747436523438,4.67416286308532,4.764795780181885,84.30021515367534,84.30021667480469,168.0911512383966,167.83583068847656,0,9.86066740926049e-21,3.374303060553476,3.374274969100952
Test_38,152.0402034698334,152.08544921875,5.984881816599951,6.0128960609436035,84.30021515367534,84.30021667480469,166.2477725787224,164.9009552001953,0,9.86066740926049e-21,3.374303060553476,3.374274969100952
Test_39,143.7201292390089,143.79347229003906,4.345365905892828,4.3276047706604,84.30021515367534,84.30021667480469,159.7764741999094,156.3100128173828,0,9.86066740926049e-21,3.374303060553476,3.374274969100952
Test_40,142.882096390401,142.87564086914062,12.56487964908751,12.165948867797852,84.30021515367534,84.30021667480469,111.6415063952412,110.81668090820312,0,9.86066740926049e-21,3.374303060553476,3.374274969100952
Test_41,149.389599135413,149.5849151611328,14.55162932601158,14.135530471801758,84.30021515367534,84.30021667480469,139.4549656112493,137.91441345214844,0,9.86066740926049e-21,3.374303060553476,3.374274969100952
Test_42,141.660625409377,141.81044006347656,149.6259098047123,149.76913452148438,84.30021515367534,84.30021667480469,48.61287839175758,48.73433303833008,0,9.86066740926049e-21,3.374303060553476,3.374274969100952
Test_43,144.8747613901268,144.93870544433594,4.708532183889683,4.71386194229126,84.30021515367534,84.30021667480469,171.6817305902931,171.92567443847656,0,9.86066740926049e-21,3.374303060553476,3.374274969100952
Test_44,140.4454583490032,140.62083435058594,4.777421946883856,4.887239933013916,84.30021515367534,84.30021667480469,188.7303601568036,187.20150756835938,0,9.86066740926049e-21,3.374303060553476,3.374274969100952
Test_45,177.7739517680986,177.88287353515625,108.2217373864377,108.52883911132812,84.30021515367534,84.30021667480469,48.61287839175758,48.62093734741211,0,9.86066740926049e-21,3.374303060553476,3.374274969100952
Test_46,148.207290181989,148.1864471435547,5.56275660950968,5.279459476470947,84.30021515367534,84.30021667480469,248.7617545451916,246.28817749023438,0,9.86066740926049e-21,3.374303060553476,3.374274969100952
Test_47,178.8112705465715,178.75674438476562,91.32833107154994,91.43306732177734,84.30021515367534,84.30021667480469,54.65715091283793,54.47651290893555,0,9.86066740926049e-21,3.374303060553476,3.374274969100952
Test_48,146.0481973593481,145.973876953125,92.05541923447088,91.47479248046875,84.30021515367534,84.30021667480469,49.54736986181893,49.85224914550781,0,9.86066740926049e-21,3.374303060553476,3.374274969100952
Test_49,152.7228187678944,152.70407104492188,126.6782137797661,126.637939453125,84.30021515367534,84.30021667480469,52.37143995796235,52.338741302490234,0,9.86066740926049e-21,3.374303060553476,3.374274969100952
Test_50,147.3936094652073,147.39744567871094,49.23102962454108,48.23655700683594,84.30021515367534,84.30021667480469,49.54736986181893,49.305965423583984,0,9.86066740926049e-21,3.374303060553476,3.374274969100952
Test_51,152.2325162271985,151.8649444580078,6.046539341862049,5.688822269439697,84.30021515367534,84.30021667480469,197.1103432225729,204.82081604003906,0,9.86066740926049e-21,3.374303060553476,3.374274969100952
Test_52,141.7187855540045,141.6949920654297,14.2200042400343,15.280595779418945,84.30021515367534,84.30021667480469,132.4787490948908,132.52682495117188,0,9.86066740926049e-21,3.374303060553476,3.374274969100952
Test_53,140.1917471316082,140.0839385986328,114.3115190333067,115.20639038085938,84.30021515367534,84.30021667480469,47.26165890694334,47.24518966674805,0,9.86066740926049e-21,3.374303060553476,3.374274969100952
Test_54,146.7020564166356,146.5685577392578,12.04277685113982,12.665605545043945,84.30021515367534,84.30021667480469,119.0723608053302,117.76579284667969,0,9.86066740926049e-21,3.374303060553476,3.374274969100952
Test_55,146.8174699775779,146.7822265625,5.192466037627498,5.171675205230713,84.30021515367534,84.30021667480469,151.8133055039704,151.6136932373047,0,9.86066740926049e-21,3.374303060553476,3.374274969100952
Test_56,151.4077388829712,151.38720703125,153.7372750396262,153.48544311523438,84.30021515367534,84.30021667480469,50.51819523069543,50.440521240234375,0,9.86066740926049e-21,3.374303060553476,3.374274969100952
Test_57,150.5610489378541,150.66030883789062,5.095856294788601,5.087313175201416,84.30021515367534,84.30021667480469,188.3115164426544,188.89476013183594,0,9.86066740926049e-21,3.374303060553476,3.374274969100952
Test_58,169.3121472664948,169.35462951660156,99.32435787443886,100.70325469970703,84.30021515367534,84.30021667480469,52.33089624912404,52.18418502807617,0,9.86066740926049e-21,3.374303060553476,3.374274969100952
Test_59,163.7264202063973,163.7046661376953,11.7335609077473,12.05854606628418,84.30021515367534,84.30021667480469,110.5096503957869,110.06977081298828,0,9.86066740926049e-21,3.374303060553476,3.374274969100952
Test_60,145.7857211015972,145.7977294921875,12.43336086621051,12.40696907043457,84.30021515367534,84.30021667480469,111.4748410958632,108.76409912109375,0,9.86066740926049e-21,3.374303060553476,3.374274969100952
Test_61,196.7605403928034,196.84408569335938,4.893072984288989,4.882059574127197,84.30021515367534,84.30021667480469,187.0195581297045,187.0859375,0,9.86066740926049e-21,3.374303060553476,3.374274969100952
Test_62,168.0161086761378,168.20899963378906,11.58354054953781,12.03349494934082,84.30021515367534,84.30021667480469,116.7967533945102,120.74055480957031,0,9.86066740926049e-21,3.374303060553476,3.374274969100952
Test_63,144.2069343990701,144.38485717773438,63.68654574940879,64.55686950683594,84.30021515367534,84.30021667480469,46.327167436882,46.388031005859375,0,9.86066740926049e-21,3.374303060553476,3.374274969100952
Test_64,145.7029065823726,145.72682189941406,55.978707428566,57.545169830322266,84.30021515367534,84.30021667480469,47.26165890694334,47.43484878540039,0,9.86066740926049e-21,3.374303060553476,3.374274969100952
Test_65,139.1374379916572,139.60447692871094,6.263096287206626,6.566427707672119,84.30021515367534,84.30021667480469,266.8685360525972,263.250244140625,0,9.86066740926049e-21,3.374303060553476,3.374274969100952
Test_66,194.9920315852331,195.01373291015625,4.959890225425612,4.9912590980529785,84.30021515367534,84.30021667480469,163.0831612348603,163.44483947753906,0,9.86066740926049e-21,3.374303060553476,3.374274969100952
Test_67,141.2141480704606,142.1070556640625,153.2485916566315,141.53292846679688,84.30021515367534,84.30021667480469,46.327167436882,47.92143630981445,0,9.86066740926049e-21,3.374303060553476,3.374274969100952
Test_68,141.5377853117785,141.4766845703125,4.387140174584061,4.450254917144775,84.30021515367534,84.30021667480469,160.5997187415129,159.42782592773438,0,9.86066740926049e-21,3.374303060553476,3.374274969100952
Test_69,205.7189081782144,205.86048889160156,133.8244202659823,133.74148559570312,84.30021515367534,84.30021667480469,48.61287839175758,48.59086990356445,0,9.86066740926049e-21,3.374303060553476,3.374274969100952
Test_70,151.0477893316074,150.9522705078125,74.38581030639213,74.42961883544922,84.30021515367534,84.30021667480469,47.26165890694334,47.601234436035156,0,9.86066740926049e-21,3.374303060553476,3.374274969100952
Test_71,166.6852689895895,166.542236328125,46.96118641513736,46.3358154296875,84.30021515367534,84.30021667480469,48.59405298488484,48.625213623046875,0,9.86066740926049e-21,3.374303060553476,3.374274969100952
Test_72,150.1857065939442,150.0933074951172,5.243437122061607,5.341978549957275,84.30021515367534,84.30021667480469,165.0996386471786,165.11399841308594,0,9.86066740926049e-21,3.374303060553476,3.374274969100952
Test_73,145.2316237474736,145.11651611328125,43.83787438704087,42.602882385253906,84.30021515367534,84.30021667480469,48.61287839175758,48.73319625854492,0,9.86066740926049e-21,3.374303060553476,3.374274969100952
Test_74,148.3524314783255,148.63124084472656,92.12944712457022,91.5948486328125,84.30021515367534,84.30021667480469,48.61287839175758,48.70907211303711,0,9.86066740926049e-21,3.374303060553476,3.374274969100952
Test_75,197.2997630848452,197.19676208496094,106.0353779481084,106.26893615722656,84.30021515367534,84.30021667480469,48.61287839175758,48.696372985839844,0,9.86066740926049e-21,3.374303060553476,3.374274969100952
Test_76,152.6810660879725,152.5340118408203,134.7078111189934,133.13803100585938,84.30021515367534,84.30021667480469,46.327167436882,46.45375442504883,0,9.86066740926049e-21,3.374303060553476,3.374274969100952
Test_77,152.6810660879725,152.52748107910156,153.7163339333572,154.49496459960938,84.30021515367534,84.30021667480469,52.37143995796235,52.383445739746094,0,9.86066740926049e-21,3.374303060553476,3.374274969100952
Test_78,143.4933392169926,143.76190185546875,88.10968303800617,87.49198913574219,84.30021515367534,84.30021667480469,48.61287839175758,48.221588134765625,0,9.86066740926049e-21,3.374303060553476,3.374274969100952
Test_79,204.4455593844437,204.67962646484375,5.296437550814567,5.116369724273682,84.30021515367534,84.30021667480469,196.3285491181204,200.45716857910156,0,9.86066740926049e-21,3.374303060553476,3.374274969100952
Test_80,141.2212723643459,141.343017578125,91.28849979210015,89.4653091430664,84.30021515367534,84.30021667480469,48.61287839175758,48.714324951171875,0,9.86066740926049e-21,3.374303060553476,3.374274969100952
Test_81,174.2245421993516,173.51153564453125,101.2975713929808,104.34852600097656,84.30021515367534,84.30021667480469,47.26165890694334,47.26619338989258,0,9.86066740926049e-21,3.374303060553476,3.374274969100952
Test_82,153.3304346812353,153.22952270507812,10.57910146678417,11.228765487670898,84.30021515367534,84.30021667480469,101.3288319309988,105.14652252197266,0,9.86066740926049e-21,3.374303060553476,3.374274969100952
Test_83,195.1750179942392,195.47328186035156,4.913733436556436,4.951414585113525,84.30021515367534,84.30021667480469,226.1799449831802,224.32379150390625,0,9.86066740926049e-21,3.374303060553476,3.374274969100952
Test_84,188.8945859252451,188.70333862304688,55.70269501243298,57.11625289916992,84.30021515367534,84.30021667480469,47.26165890694334,47.310768127441406,0,9.86066740926049e-21,3.374303060553476,3.374274969100952
Test_85,147.7708300320507,147.80050659179688,4.19413657659976,4.323343753814697,84.30021515367534,84.30021667480469,147.5560001882541,147.9520721435547,0,9.86066740926049e-21,3.374303060553476,3.374274969100952
Test_86,147.9180222614754,147.81640625,12.47470335951475,12.475713729858398,84.30021515367534,84.30021667480469,119.3211497833135,116.71499633789062,0,9.86066740926049e-21,3.374303060553476,3.374274969100952
Test_87,142.2130820170301,142.21774291992188,3.761994180531334,3.9393255710601807,84.30021515367534,84.30021667480469,144.0879802799545,142.44667053222656,0,9.86066740926049e-21,3.374303060553476,3.374274969100952
Test_88,154.4108662320992,154.43994140625,5.519212061731791,5.5531792640686035,84.30021515367534,84.30021667480469,169.2641122546922,169.1976318359375,0,9.86066740926049e-21,3.374303060553476,3.374274969100952
Test_89,142.3909302989311,142.37644958496094,5.303302779467699,5.257322788238525,84.30021515367534,84.30021667480469,190.3066209733167,192.66659545898438,0,9.86066740926049e-21,3.374303060553476,3.374274969100952
Test_90,151.4614517411127,151.5157470703125,5.162284938076933,5.12072229385376,84.30021515367534,84.30021667480469,170.862091373171,172.51210021972656,0,9.86066740926049e-21,3.374303060553476,3.374274969100952
Test_91,194.8724729805757,195.21142578125,4.952053502151753,5.0413498878479,84.30021515367534,84.30021667480469,205.4920318011208,203.22203063964844,0,9.86066740926049e-21,3.374303060553476,3.374274969100952
Test_92,152.7308713788618,152.77206420898438,69.50763357295429,70.54175567626953,84.30021515367534,84.30021667480469,46.327167436882,46.29616165161133,0,9.86066740926049e-21,3.374303060553476,3.374274969100952
Test_93,158.6446397892245,158.5744171142578,9.943851928675889,10.491838455200195,84.30021515367534,84.30021667480469,98.91989228067646,101.15740203857422,0,9.86066740926049e-21,3.374303060553476,3.374274969100952
Test_94,152.188561492803,152.1136932373047,5.566815298147382,5.735640048980713,84.30021515367534,84.30021667480469,175.7764724728079,175.67323303222656,0,9.86066740926049e-21,3.374303060553476,3.374274969100952
Test_95,162.5709892708134,162.70358276367188,93.31385018862107,93.5584945678711,84.30021515367534,84.30021667480469,46.30834203000926,46.312705993652344,0,9.86066740926049e-21,3.374303060553476,3.374274969100952
Test_96,145.1718876226836,145.06927490234375,5.15911138898256,5.09777307510376,84.30021515367534,84.30021667480469,153.2253189632728,152.3968048095703,0,9.86066740926049e-21,3.374303060553476,3.374274969100952
Test_97,186.4057678283296,186.4053192138672,4.608684125648365,4.53771448135376,84.30021515367534,84.30021667480469,186.6797724889131,187.07058715820312,0,9.86066740926049e-21,3.374303060553476,3.374274969100952
Test_98,146.0617335177302,145.97198486328125,4.727724599841366,5.035959720611572,84.30021515367534,84.30021667480469,148.4583028032154,148.6014862060547,0,9.86066740926049e-21,3.374303060553476,3.374274969100952
Test_99,197.2774402973378,197.211669921875,71.57842832895585,72.61622619628906,84.30021515367534,84.30021667480469,46.327167436882,46.23394775390625,0,9.86066740926049e-21,3.374303060553476,3.374274969100952
Test_100,151.5064643252063,151.45880126953125,4.088783382174326,4.203863620758057,84.30021515367534,84.30021667480469,155.1274622531162,151.1169891357422,0,9.86066740926049e-21,3.374303060553476,3.374274969100952
Test_101,154.7387564609789,154.67410278320312,4.545040433606115,4.6262688636779785,84.30021515367534,84.30021667480469,159.5679050992242,158.78948974609375,0,9.86066740926049e-21,3.374303060553476,3.374274969100952
Test_102,144.6172289605569,144.61973571777344,4.264839796219289,4.268900394439697,84.30021515367534,84.30021667480469,161.6078710925947,161.71131896972656,0,9.86066740926049e-21,3.374303060553476,3.374274969100952
Test_103,149.7379123400974,149.79437255859375,108.2211544896652,108.82706451416016,84.30021515367534,84.30021667480469,53.73839765563236,53.701148986816406,0,9.86066740926049e-21,3.374303060553476,3.374274969100952
Test_104,152.5214171386332,152.52499389648438,6.071344837844594,6.108526706695557,84.30021515367534,84.30021667480469,188.9693478335022,189.9813995361328,0,9.86066740926049e-21,3.374303060553476,3.374274969100952
Test_105,158.402327442046,158.2319793701172,5.863811998088098,5.86931848526001,84.30021515367534,84.30021667480469,185.6784637777152,182.4517364501953,0,9.86066740926049e-21,3.374303060553476,3.374274969100952
Test_106,145.6268277591851,145.72994995117188,3.723026451855533,3.683351755142212,84.30021515367534,84.30021667480469,141.965912196748,140.29296875,0,9.86066740926049e-21,3.374303060553476,3.374274969100952
Test_107,151.7963799088004,151.55128479003906,12.30853460183185,11.919836044311523,84.30021515367534,84.30021667480469,116.5295707850411,115.3807601928711,0,9.86066740926049e-21,3.374303060553476,3.374274969100952
Test_108,146.5815694948962,146.38430786132812,97.9431515889982,98.061279296875,84.30021515367534,84.30021667480469,46.327167436882,46.34012222290039,0,9.86066740926049e-21,3.374303060553476,3.374274969100952
Test_109,146.9929866723892,146.7042694091797,12.4850227912638,12.657968521118164,84.30021515367534,84.30021667480469,121.8968410880912,122.06002807617188,0,9.86066740926049e-21,3.374303060553476,3.374274969100952
Test_110,149.9494175134142,150.06607055664062,4.618140006623435,4.639166355133057,84.30021515367534,84.30021667480469,173.3063070726104,172.90289306640625,0,9.86066740926049e-21,3.374303060553476,3.374274969100952
Test_111,139.4125436794776,139.45458984375,71.79064593166119,71.48294830322266,84.30021515367534,84.30021667480469,49.54736986181893,49.27463912963867,0,9.86066740926049e-21,3.374303060553476,3.374274969100952
Test_112,148.856486065097,148.8116455078125,4.233816734664094,4.2825608253479,84.30021515367534,84.30021667480469,154.4287417331205,154.0573272705078,0,9.86066740926049e-21,3.374303060553476,3.374274969100952
Test_113,178.8878890889928,178.91297912597656,91.56494398362015,91.74845123291016,84.30021515367534,84.30021667480469,52.80390618557102,52.70241928100586,0,9.86066740926049e-21,3.374303060553476,3.374274969100952
Test_114,146.9574947355786,147.03860473632812,35.7308597209263,35.82896423339844,84.30021515367534,84.30021667480469,46.30834203000926,46.2873649597168,0,9.86066740926049e-21,3.374303060553476,3.374274969100952
Test_115,152.0680745710635,152.0149383544922,4.590894979704398,4.631319522857666,84.30021515367534,84.30021667480469,160.5624349368464,160.63096618652344,0,9.86066740926049e-21,3.374303060553476,3.374274969100952
Test_116,171.1592391944971,171.01612854003906,42.04004803069405,41.15961456298828,84.30021515367534,84.30021667480469,49.51923969535656,49.279029846191406,0,9.86066740926049e-21,3.374303060553476,3.374274969100952
Test_117,147.6853600941961,147.7331085205078,5.115717962590117,5.293489933013916,84.30021515367534,84.30021667480469,181.4524190000168,182.15869140625,0,9.86066740926049e-21,3.374303060553476,3.374274969100952
Test_118,158.6725108904547,158.4463653564453,116.7793312576451,116.08460998535156,84.30021515367534,84.30021667480469,46.327167436882,46.55044937133789,0,9.86066740926049e-21,3.374303060553476,3.374274969100952
Test_119,148.3175440270568,147.7762451171875,55.07048949080297,53.853275299072266,84.30021515367534,84.30021667480469,49.54736986181893,49.795448303222656,0,9.86066740926049e-21,3.374303060553476,3.374274969100952
Test_120,148.3548278317233,148.3708038330078,5.108680023782188,5.0653252601623535,84.30021515367534,84.30021667480469,220.4927507071401,216.6575469970703,0,9.86066740926049e-21,3.374303060553476,3.374274969100952
Test_121,156.0210645940297,155.9167022705078,4.975088719047642,4.7884202003479,84.30021515367534,84.30021667480469,170.5997446480361,176.6534423828125,0,9.86066740926049e-21,3.374303060553476,3.374274969100952
Test_122,143.7201292390089,143.7444610595703,4.313457704794304,4.46019983291626,84.30021515367534,84.30021667480469,167.0544585342348,167.0134735107422,0,9.86066740926049e-21,3.374303060553476,3.374274969100952
Test_123,150.6042264765531,150.81590270996094,5.118567680144248,4.920389652252197,84.30021515367534,84.30021667480469,165.1142758327976,171.58499145507812,0,9.86066740926049e-21,3.374303060553476,3.374274969100952
Test_124,154.4059008151488,154.34222412109375,5.49954469285442,5.651342868804932,84.30021515367534,84.30021667480469,194.4465049725412,193.77896118164062,0,9.86066740926049e-21,3.374303060553476,3.374274969100952
Test_125,155.3876932788548,155.44712829589844,80.19413916725209,81.32318878173828,84.30021515367534,84.30021667480469,48.61287839175758,48.52989959716797,0,9.86066740926049e-21,3.374303060553476,3.374274969100952
Test_126,143.6542187261849,143.57675170898438,4.822456119746859,4.781050205230713,84.30021515367534,84.30021667480469,168.3406958233072,169.07965087890625,0,9.86066740926049e-21,3.374303060553476,3.374274969100952
Test_127,149.7379123400974,149.8238983154297,5.067121642784451,5.043112277984619,84.30021515367534,84.30021667480469,190.8405112393292,193.39932250976562,0,9.86066740926049e-21,3.374303060553476,3.374274969100952
Test_128,140.8073293008391,140.7517852783203,5.415326903622121,5.495008945465088,84.30021515367534,84.30021667480469,168.82247080011,171.4696044921875,0,9.86066740926049e-21,3.374303060553476,3.374274969100952
Test_129,169.3352688384681,169.43801879882812,10.3929199199143,10.423566818237305,84.30021515367534,84.30021667480469,102.9099070430769,103.24600219726562,0,9.86066740926049e-21,3.374303060553476,3.374274969100952
Test_130,145.9048911084063,145.9912109375,75.17002235301179,76.20735168457031,84.30021515367534,84.30021667480469,50.4661231190245,50.378997802734375,0,9.86066740926049e-21,3.374303060553476,3.374274969100952
Test_131,152.6810660879725,152.53761291503906,5.968280052970205,6.126112461090088,84.30021515367534,84.30021667480469,246.416372231834,241.5324249267578,0,9.86066740926049e-21,3.374303060553476,3.374274969100952
Test_132,196.3907679513856,196.39561462402344,106.9821534279296,106.32938385009766,84.30021515367534,84.30021667480469,50.4661231190245,50.41159439086914,0,9.86066740926049e-21,3.374303060553476,3.374274969100952
Test_133,150.9591890221971,150.90289306640625,6.036349442729097,6.14849328994751,84.30021515367534,84.30021667480469,212.6580136000612,211.5073699951172,0,9.86066740926049e-21,3.374303060553476,3.374274969100952
Test_134,151.9927297660339,152.08447265625,3.531015937261309,3.1685354709625244,84.30021515367534,84.30021667480469,142.7487209733599,147.27821350097656,0,9.86066740926049e-21,3.374303060553476,3.374274969100952
Test_135,151.5938340747636,151.66087341308594,89.72070177317198,89.1302261352539,84.30021515367534,84.30021667480469,52.37143995796235,52.41069030761719,0,9.86066740926049e-21,3.374303060553476,3.374274969100952
Test_136,148.2570738841089,148.315185546875,3.601287381493848,3.3517019748687744,84.30021515367534,84.30021667480469,145.2742831557081,144.50376892089844,0,9.86066740926049e-21,3.374303060553476,3.374274969100952
Test_137,148.0162295732462,147.99746704101562,101.0333032673739,101.67801666259766,84.30021515367534,84.30021667480469,46.327167436882,46.24033737182617,0,9.86066740926049e-21,3.374303060553476,3.374274969100952
Test_138,180.3838612722953,180.1350555419922,4.159313891639059,4.21874475479126,84.30021515367534,84.30021667480469,187.6412715094307,184.03475952148438,0,9.86066740926049e-21,3.374303060553476,3.374274969100952
Test_139,166.0168375129911,165.9978485107422,43.7318951183043,42.64095687866211,84.30021515367534,84.30021667480469,48.59405298488484,48.667503356933594,0,9.86066740926049e-21,3.374303060553476,3.374274969100952
Test_140,207.6634302222909,207.69088745117188,5.250604593485632,5.259031772613525,84.30021515367534,84.30021667480469,206.8013474846277,206.70103454589844,0,9.86066740926049e-21,3.374303060553476,3.374274969100952
Test_141,179.4505355957788,179.2808837890625,4.194352464293255,4.193201541900635,84.30021515367534,84.30021667480469,161.617219029723,160.51856994628906,0,9.86066740926049e-21,3.374303060553476,3.374274969100952
Test_142,147.3936094652073,147.3863983154297,4.25123887152912,4.202417850494385,84.30021515367534,84.30021667480469,161.1183025700566,159.52294921875,0,9.86066740926049e-21,3.374303060553476,3.374274969100952
Test_143,190.1092132663852,188.1854705810547,91.68150174933798,93.83050537109375,84.30021515367534,84.30021667480469,52.80390618557102,52.7872428894043,0,9.86066740926049e-21,3.374303060553476,3.374274969100952
Test_144,192.011011135919,193.26197814941406,154.4024250232835,143.79550170898438,84.30021515367534,84.30021667480469,49.54736986181893,49.627403259277344,0,9.86066740926049e-21,3.374303060553476,3.374274969100952
Test_145,152.7822310611442,152.54971313476562,78.8238783878716,78.99134063720703,84.30021515367534,84.30021667480469,47.26165890694334,47.2951545715332,0,9.86066740926049e-21,3.374303060553476,3.374274969100952
Test_146,153.8844672690509,154.03466796875,93.33604344351234,93.1386947631836,84.30021515367534,84.30021667480469,48.61287839175758,48.91027069091797,0,9.86066740926049e-21,3.374303060553476,3.374274969100952
Test_147,150.0921408675836,150.0787811279297,4.615203933991906,4.6478142738342285,84.30021515367534,84.30021667480469,171.698461886539,171.51751708984375,0,9.86066740926049e-21,3.374303060553476,3.374274969100952
Test_148,154.3176891035868,154.27235412597656,12.74723998378252,12.917749404907227,84.30021515367534,84.30021667480469,110.0451248456943,109.98835754394531,0,9.86066740926049e-21,3.374303060553476,3.374274969100952
Test_149,140.3383996417992,140.4442596435547,5.320314729715085,5.138086795806885,84.30021515367534,84.30021667480469,188.3565937930561,186.65992736816406,0,9.86066740926049e-21,3.374303060553476,3.374274969100952
Test_150,143.6225911790879,143.59832763671875,4.345322728354128,4.259134769439697,84.30021515367534,84.30021667480469,138.3896893764689,140.9019775390625,0,9.86066740926049e-21,3.374303060553476,3.374274969100952
Test_151,143.5217500374565,143.4842529296875,5.727608452262266,5.722200870513916,84.30021515367534,84.30021667480469,202.9125624617069,201.3729705810547,0,9.86066740926049e-21,3.374303060553476,3.374274969100952
Test_152,152.7054613973374,152.73385620117188,17.70766992844187,17.20792579650879,84.30021515367534,84.30021667480469,152.0457086060175,152.5926513671875,0,9.86066740926049e-21,3.374303060553476,3.374274969100952
Test_153,150.9476390305952,151.038818359375,90.40208651138008,90.35118103027344,84.30021515367534,84.30021667480469,46.327167436882,46.430763244628906,0,9.86066740926049e-21,3.374303060553476,3.374274969100952
Test_154,148.1880545884986,148.19541931152344,79.83259204695644,79.30551147460938,84.30021515367534,84.30021667480469,48.61287839175758,48.60398483276367,0,9.86066740926049e-21,3.374303060553476,3.374274969100952
Test_155,161.6738895492654,161.68862915039062,89.4515114081534,90.855712890625,84.30021515367534,84.30021667480469,48.75225548667779,48.73909378051758,0,9.86066740926049e-21,1.691458489761958,1.6914613246917725
Test_156,149.9361620090336,149.9745635986328,12.22330214044013,12.31678581237793,84.30021515367534,84.30021667480469,186.6972162145475,186.98126220703125,0,9.86066740926049e-21,1.691458489761958,1.6914613246917725
Test_157,146.8891878693569,146.95791625976562,23.69268127765791,23.288848876953125,84.30021515367534,84.30021667480469,118.0469374387689,119.09784698486328,0,9.86066740926049e-21,1.691458489761958,1.6914613246917725
Test_158,150.6732673609327,150.61209106445312,23.05140847290113,23.4437255859375,84.30021515367534,84.30021667480469,115.0896646357392,113.23887634277344,0,9.86066740926049e-21,1.691458489761958,1.6914613246917725
Test_159,146.7738174859533,146.8213348388672,8.917478656263183,8.798196792602539,84.30021515367534,84.30021667480469,139.3250012197655,140.5491943359375,0,9.86066740926049e-21,1.691458489761958,1.6914613246917725
Test_160,152.4504764425508,152.3999481201172,123.8780424512925,123.99169921875,84.30021515367534,84.30021667480469,50.6243040320481,50.66476821899414,0,9.86066740926049e-21,1.691458489761958,1.6914613246917725
Test_161,143.7201292390089,143.7904815673828,10.78184159974508,10.699052810668945,84.30021515367534,84.30021667480469,156.1473804834935,153.2181396484375,0,9.86066740926049e-21,1.691458489761958,1.6914613246917725
Test_162,152.7231210106653,152.66688537597656,92.2904993439173,91.67035675048828,84.30021515367534,84.30021667480469,46.84691705897059,46.73195266723633,0,9.86066740926049e-21,1.691458489761958,1.6914613246917725
Test_163,141.2363197365825,141.08175659179688,50.49533272395434,50.5849609375,84.30021515367534,84.30021667480469,46.86574246584333,46.76423645019531,0,9.86066740926049e-21,1.691458489761958,1.6914613246917725
Test_164,145.7857211015972,145.80921936035156,91.2561382268453,92.59674072265625,84.30021515367534,84.30021667480469,44.58003151096774,44.629940032958984,0,9.86066740926049e-21,1.580535392844359,1.5806349515914917
Test_165,154.5489695896277,154.5733642578125,131.4791458964715,132.28277587890625,84.30021515367534,84.30021667480469,46.86574246584333,47.096065521240234,0,9.86066740926049e-21,1.691458489761958,1.6914613246917725
Test_166,141.660625409377,141.73770141601562,13.22163160146786,13.274873733520508,84.30021515367534,84.30021667480469,237.6276058184324,235.0431365966797,0,9.86066740926049e-21,1.580535392844359,1.5806349515914917
Test_167,140.6334101749597,140.69772338867188,14.68679661090863,14.701784133911133,84.30021515367534,84.30021667480469,262.3324333695018,260.0053405761719,0,9.86066740926049e-21,1.580535392844359,1.5806349515914917
Test_168,143.467108862233,143.51699829101562,25.45121607378869,24.361602783203125,84.30021515367534,84.30021667480469,119.6091223776662,119.02494812011719,0,9.86066740926049e-21,1.691458489761958,1.6914613246917725
Test_169,175.8548397055465,175.92575073242188,110.2134740690815,110.97054290771484,84.30021515367534,84.30021667480469,47.80025552467402,47.574859619140625,0,9.86066740926049e-21,1.580535392844359,1.5806349515914917
Test_170,174.8703270569024,174.9581756591797,122.5024708346521,121.50668334960938,84.30021515367534,84.30021667480469,46.86574246584333,46.871002197265625,0,9.86066740926049e-21,1.691458489761958,1.6914613246917725
Test_171,155.0279380264152,155.19029235839844,9.108776741468876,9.263635635375977,84.30021515367534,84.30021667480469,133.4801009836275,134.06150817871094,0,9.86066740926049e-21,1.691458489761958,1.6914613246917725
Test_172,141.6774646494696,141.7496795654297,120.8107316908886,120.72032165527344,84.30021515367534,84.30021667480469,44.58003151096774,44.50202941894531,0,9.86066740926049e-21,1.691458489761958,1.6914613246917725
Test_173,208.0392043415879,208.2823028564453,11.70966214007744,11.785051345825195,84.30021515367534,84.30021667480469,182.7449170322005,183.01197814941406,0,9.86066740926049e-21,1.691458489761958,1.6914613246917725
Test_174,147.9400212174425,148.0076904296875,65.93359121837948,66.40380096435547,84.30021515367534,84.30021667480469,44.58003151096774,44.72126388549805,0,9.86066740926049e-21,1.691458489761958,1.6914613246917725
Test_175,153.5434294796373,153.6063690185547,12.82856487792199,12.726247787475586,84.30021515367534,84.30021667480469,193.0198759163893,195.09622192382812,0,9.86066740926049e-21,1.691458489761958,1.6914613246917725
Test_176,154.4059008151488,154.32510375976562,13.24363055743498,13.129457473754883,84.30021515367534,84.30021667480469,189.6349727700852,188.74937438964844,0,9.86066740926049e-21,1.580535392844359,1.5806349515914917
Test_177,150.8611975981199,150.77159118652344,12.81248124475663,12.712644577026367,84.30021515367534,84.30021667480469,209.6839015569389,211.6929931640625,0,9.86066740926049e-21,1.580535392844359,1.5806349515914917
Test_178,157.2096558793343,157.20310974121094,28.74989367531096,28.74720573425293,84.30021515367534,84.30021667480469,138.1297390047318,137.6125030517578,0,9.86066740926049e-21,1.691458489761958,1.6914613246917725
Test_179,143.1381176061164,143.1278076171875,40.82099499183729,41.44926834106445,84.30021515367534,84.30021667480469,46.84691705897059,46.88944625854492,0,9.86066740926049e-21,1.691458489761958,1.6914613246917725
Test_180,156.1861107357064,156.20545959472656,13.75163588899746,13.636838912963867,84.30021515367534,84.30021667480469,184.8981377095784,183.96029663085938,0,9.86066740926049e-21,1.580535392844359,1.5806349515914917
Test_181,142.862148367522,142.8423614501953,10.4257780268642,10.254945755004883,84.30021515367534,84.30021667480469,145.7063823742379,145.18467712402344,0,9.86066740926049e-21,1.580535392844359,1.5806349515914917
Test_182,144.3326026254534,144.39779663085938,10.34276920871547,10.311349868774414,84.30021515367534,84.30021667480469,165.5991595923868,167.2611541748047,0,9.86066740926049e-21,1.691458489761958,1.6914613246917725
Test_183,144.742206346321,144.77825927734375,10.34302827394767,10.299264907836914,84.30021515367534,84.30021667480469,163.6152812217862,164.07907104492188,0,9.86066740926049e-21,1.691458489761958,1.6914613246917725
Test_184,153.0419439564183,152.74913024902344,12.15819041208211,12.274175643920898,84.30021515367534,84.30021667480469,146.8452763125,148.35179138183594,0,9.86066740926049e-21,1.691458489761958,1.6914613246917725
Test_185,154.4059008151488,154.4114227294922,128.4512346401303,127.0050048828125,84.30021515367534,84.30021667480469,48.77105930478118,48.7783203125,0,9.86066740926049e-21,1.580535392844359,1.5806349515914917
Test_186,177.1281669105478,177.00167846679688,10.14942019042158,10.261011123657227,84.30021515367534,84.30021667480469,181.8358571324329,182.3927459716797,0,9.86066740926049e-21,1.691458489761958,1.6914613246917725
Test_187,155.7273709757994,155.62844848632812,12.12664922006253,12.225645065307617,84.30021515367534,84.30021667480469,154.3737335488181,155.74365234375,0,9.86066740926049e-21,1.580535392844359,1.5806349515914917
Test_188,150.6132937596799,150.65774536132812,36.88624747897146,37.217041015625,84.30021515367534,84.30021667480469,44.56122769286435,44.700321197509766,0,9.86066740926049e-21,1.691458489761958,1.6914613246917725
Test_189,149.8882997073858,149.95257568359375,96.26117056898066,96.7241439819336,84.30021515367534,84.30021667480469,51.99128331848746,52.0373649597168,0,9.86066740926049e-21,1.691458489761958,1.6914613246917725
Test_190,157.1714653463551,157.53378295898438,39.58175645363877,39.39908218383789,84.30021515367534,84.30021667480469,45.48641440333607,45.387123107910156,0,9.86066740926049e-21,1.691458489761958,1.6914613246917725
Test_191,151.8187890513852,151.75625610351562,59.29234604724746,58.391353607177734,84.30021515367534,84.30021667480469,45.51454456979844,45.564884185791016,0,9.86066740926049e-21,1.691458489761958,1.6914613246917725
Test_192,152.1307035909464,152.18161010742188,48.57049963752456,48.33658981323242,84.30021515367534,84.30021667480469,48.71898719311025,48.63655090332031,0,9.86066740926049e-21,1.691458489761958,1.6914613246917725
Test_193,142.9327436432948,142.94325256347656,12.46993224148852,12.305948257446289,84.30021515367534,84.30021667480469,162.3783526819081,161.50868225097656,0,9.86066740926049e-21,1.691458489761958,1.6914613246917725
Test_194,147.119000319082,146.8976287841797,10.68818951830706,10.882997512817383,84.30021515367534,84.30021667480469,159.947500430696,155.43759155273438,0,9.86066740926049e-21,1.691458489761958,1.6914613246917725
Test_195,148.5217306075641,148.84104919433594,11.41879665063197,11.729215621948242,84.30021515367534,84.30021667480469,158.9726811394898,156.27488708496094,0,9.86066740926049e-21,1.691458489761958,1.6914613246917725
Test_196,139.1374379916572,139.65345764160156,14.71833780292822,14.903528213500977,84.30021515367534,84.30021667480469,260.5793605320164,256.446533203125,0,9.86066740926049e-21,1.691458489761958,1.6914613246917725
Test_197,152.7685221926072,152.62510681152344,106.138334789136,106.14922332763672,84.30021515367534,84.30021667480469,44.58003151096774,44.707847595214844,0,9.86066740926049e-21,1.691458489761958,1.6914613246917725
Test_198,192.011011135919,193.26483154296875,161.5452204839425,150.81600952148438,84.30021515367534,84.30021667480469,47.80025552467402,48.042518615722656,0,9.86066740926049e-21,1.691458489761958,1.6914613246917725
Test_199,195.4331764981203,195.54002380371094,11.05142056261197,11.250310897827148,84.30021515367534,84.30021667480469,214.3742775858057,213.89881896972656,0,9.86066740926049e-21,1.580535392844359,1.5806349515914917
Test_200,194.0526178757601,194.18028259277344,11.03797075930724,11.396570205688477,84.30021515367534,84.30021667480469,238.4190932803228,239.1815643310547,0,9.86066740926049e-21,1.691458489761958,1.6914613246917725
Test_201,150.0921408675836,149.9835662841797,55.32314285849987,54.95927810668945,84.30021515367534,84.30021667480469,45.51454456979844,45.57014846801758,0,9.86066740926049e-21,1.691458489761958,1.6914613246917725
Test_202,148.9773184071461,149.05313110351562,107.8457473794472,108.05391693115234,84.30021515367534,84.30021667480469,46.86574246584333,47.06120300292969,0,9.86066740926049e-21,1.691458489761958,1.6914613246917725
Test_203,147.7917279607809,147.84945678710938,11.42589935574795,11.59184455871582,84.30021515367534,84.30021667480469,168.4605782595048,169.66322326660156,0,9.86066740926049e-21,1.580535392844359,1.5806349515914917
Test_204,139.0616830000099,139.25421142578125,75.31790542305569,75.79586791992188,84.30021515367534,84.30021667480469,45.51454456979844,45.62628936767578,0,9.86066740926049e-21,1.580535392844359,1.5806349515914917
Test_205,203.3737849300891,203.30471801757812,101.4105454229866,101.1303482055664,84.30021515367534,84.30021667480469,48.77105930478118,48.51199722290039,0,9.86066740926049e-21,1.691458489761958,1.6914613246917725
Test_206,149.1772951776302,149.15574645996094,90.50556148287212,92.0889663696289,84.30021515367534,84.30021667480469,47.80025552467402,48.25871658325195,0,9.86066740926049e-21,1.691458489761958,1.6914613246917725
Test_207,153.8844672690509,154.0354461669922,100.2041434029686,100.3290023803711,84.30021515367534,84.30021667480469,46.86574246584333,47.097782135009766,0,9.86066740926049e-21,1.691458489761958,1.6914613246917725
Test_208,153.0498670347696,152.9397430419922,119.3045480196838,120.27593231201172,84.30021515367534,84.30021667480469,51.05677025965677,50.95964050292969,0,9.86066740926049e-21,1.691458489761958,1.6914613246917725
Test_209,145.7029065823726,145.7369842529297,55.978707428566,57.50634002685547,84.30021515367534,84.30021667480469,45.51454456979844,45.552268981933594,0,9.86066740926049e-21,1.691458489761958,1.6914613246917725
Test_210,175.574228881542,175.62176513671875,43.83787438704087,43.311885833740234,84.30021515367534,84.30021667480469,45.51454456979844,45.57902145385742,0,9.86066740926049e-21,1.580535392844359,1.5806349515914917
Test_211,154.1547154837676,154.11965942382812,14.34774498827514,13.916234970092773,84.30021515367534,84.30021667480469,174.4925883595946,175.2286376953125,0,9.86066740926049e-21,1.691458489761958,1.6914613246917725
Test_212,145.5205246589082,145.47482299804688,115.4748946360112,115.32329559326172,84.30021515367534,84.30021667480469,47.80025552467402,47.64746856689453,0,9.86066740926049e-21,1.691458489761958,1.6914613246917725
Test_213,148.5014155756062,148.46389770507812,94.2780478053073,92.9212875366211,84.30021515367534,84.30021667480469,44.58003151096774,44.52352523803711,0,9.86066740926049e-21,1.691458489761958,1.6914613246917725
Test_214,184.2464807067645,184.24911499023438,11.30010159674856,11.379983901977539,84.30021515367534,84.30021667480469,158.1554598645348,156.42755126953125,0,9.86066740926049e-21,1.691458489761958,1.6914613246917725
Test_215,148.0009231357774,147.9453887939453,83.0984978966062,83.35404205322266,84.30021515367534,84.30021667480469,46.86574246584333,47.18555450439453,0,9.86066740926049e-21,1.691458489761958,1.6914613246917725
Test_216,150.6042264765531,150.8135528564453,11.38943592431668,11.334917068481445,84.30021515367534,84.30021667480469,160.930652986871,166.80084228515625,0,9.86066740926049e-21,1.580535392844359,1.5806349515914917
Test_217,148.1543113420054,148.1592254638672,52.05674046715507,52.25300598144531,84.30021515367534,84.30021667480469,44.58003151096774,44.69623565673828,0,9.86066740926049e-21,1.580535392844359,1.5806349515914917
Test_218,152.2325162271985,151.87930297851562,14.47375863496802,13.964380264282227,84.30021515367534,84.30021667480469,191.8280894932209,198.86251831054688,0,9.86066740926049e-21,1.691458489761958,1.6914613246917725
Test_219,210.6960262415809,210.63958740234375,11.53181385817647,11.509733200073242,84.30021515367534,84.30021667480469,173.8593681658052,174.42987060546875,0,9.86066740926049e-21,1.580535392844359,1.5806349515914917
Test_220,196.0214704628934,196.3465118408203,11.52725862784373,11.461034774780273,84.30021515367534,84.30021667480469,198.8060978774353,200.5959930419922,0,9.86066740926049e-21,1.580535392844359,1.5806349515914917
Test_221,151.9927297660339,152.09707641601562,8.461739735295781,8.399099349975586,84.30021515367534,84.30021667480469,138.9597192423724,144.0655975341797,0,9.86066740926049e-21,1.691458489761958,1.6914613246917725
Test_222,140.6334101749597,140.65591430664062,13.19717152579491,13.834878921508789,84.30021515367534,84.30021667480469,264.1856780967686,263.0812072753906,0,9.86066740926049e-21,1.691458489761958,1.6914613246917725
Test_223,156.0210645940297,155.91873168945312,11.11907976575322,11.26384162902832,84.30021515367534,84.30021667480469,166.4602924241986,172.8955535888672,0,9.86066740926049e-21,1.691458489761958,1.6914613246917725
Test_224,143.4900361352821,143.3926544189453,10.54041439210991,10.60423469543457,84.30021515367534,84.30021667480469,155.6048331209718,155.89259338378906,0,9.86066740926049e-21,1.580535392844359,1.5806349515914917
Test_225,149.3331013260254,149.3452911376953,98.35277689863511,98.43468475341797,84.30021515367534,84.30021667480469,46.86574246584333,46.927791595458984,0,9.86066740926049e-21,1.691458489761958,1.6914613246917725
Test_226,143.0405795461954,143.01776123046875,79.74466098939604,79.36804962158203,84.30021515367534,84.30021667480469,48.67846507304129,48.78538513183594,0,9.86066740926049e-21,1.691458489761958,1.6914613246917725
Test_227,161.0086532105307,160.9807586669922,98.02585816437605,95.05126953125,84.30021515367534,84.30021667480469,46.86574246584333,46.78520584106445,0,9.86066740926049e-21,1.580535392844359,1.5806349515914917
Test_228,158.6725108904547,158.44163513183594,123.6216110489594,122.30791473388672,84.30021515367534,84.30021667480469,44.58003151096774,44.81636047363281,0,9.86066740926049e-21,1.691458489761958,1.6914613246917725
Test_229,145.7029065823726,145.70474243164062,127.7067891066524,127.02523803710938,84.30021515367534,84.30021667480469,45.51454456979844,45.56201934814453,0,9.86066740926049e-21,1.691458489761958,1.6914613246917725
Test_230,142.1958973566279,142.3889617919922,25.3111049607106,23.715641021728516,84.30021515367534,84.30021667480469,112.1120552119823,110.95902252197266,0,9.86066740926049e-21,1.691458489761958,1.6914613246917725
Test_231,202.8194932770413,204.15916442871094,101.8163279316793,94.71859741210938,84.30021515367534,84.30021667480469,44.58003151096774,44.59581756591797,0,9.86066740926049e-21,1.691458489761958,1.6914613246917725
Test_232,153.2369984874908,153.1815185546875,12.14754714879282,12.120584487915039,84.30021515367534,84.30021667480469,167.4262603199715,169.9613037109375,0,9.86066740926049e-21,1.691458489761958,1.6914613246917725
Test_233,139.9732256082528,140.1340789794922,30.75797305635231,31.00458526611328,84.30021515367534,84.30021667480469,146.6526829011333,146.060791015625,0,9.86066740926049e-21,1.691458489761958,1.6914613246917725
Test_234,188.8945859252451,188.73739624023438,55.70269501243298,57.03958511352539,84.30021515367534,84.30021667480469,45.51454456979844,45.4470329284668,0,9.86066740926049e-21,1.691458489761958,1.6914613246917725
Test_235,151.4077388829712,151.29913330078125,13.80208884296718,13.782491683959961,84.30021515367534,84.30021667480469,206.8412651191549,205.3583526611328,0,9.86066740926049e-21,1.691458489761958,1.6914613246917725
Test_236,194.264317348001,194.14501953125,98.46797457188391,98.66270446777344,84.30021515367534,84.30021667480469,51.99128331848746,52.0992317199707,0,9.86066740926049e-21,1.580535392844359,1.5806349515914917
Test_237,141.7982754027493,141.80967712402344,17.34543196752704,18.48627281188965,84.30021515367534,84.30021667480469,100.5760747213214,100.82489776611328,0,9.86066740926049e-21,1.691458489761958,1.6914613246917725
Test_238,141.2120539598337,141.30340576171875,30.6105217616954,31.381298065185547,84.30021515367534,84.30021667480469,149.1817424641162,152.71859741210938,0,9.86066740926049e-21,1.691458489761958,1.6914613246917725
Test_239,146.6344619798024,146.6452178955078,11.15772366288878,11.473718643188477,84.30021515367534,84.30021667480469,171.4470822562337,171.60191345214844,0,9.86066740926049e-21,1.580535392844359,1.5806349515914917
Test_240,146.4464453875378,146.49378967285156,88.5378531005143,87.69098663330078,84.30021515367534,84.30021667480469,47.80025552467402,47.9390869140625,0,9.86066740926049e-21,1.691458489761958,1.6914613246917725
Test_241,148.9773184071461,149.05262756347656,98.07212289709196,98.10050201416016,84.30021515367534,84.30021667480469,51.99128331848746,51.98292922973633,0,9.86066740926049e-21,1.691458489761958,1.6914613246917725
Test_242,207.4019902254688,207.35581970214844,11.69666570092905,12.002309799194336,84.30021515367534,84.30021667480469,234.2443865961376,231.45799255371094,0,9.86066740926049e-21,1.691458489761958,1.6914613246917725
Test_243,148.856486065097,148.81051635742188,88.10972621554487,87.81144714355469,84.30021515367534,84.30021667480469,46.86574246584333,47.30533218383789,0,9.86066740926049e-21,1.691458489761958,1.6914613246917725
Test_244,204.1858680779389,204.26100158691406,88.1537673050178,87.56523895263672,84.30021515367534,84.30021667480469,44.58003151096774,44.67970275878906,0,9.86066740926049e-21,1.691458489761958,1.6914613246917725
Test_245,154.3631334630674,154.35255432128906,11.7521056606185,11.756990432739258,84.30021515367534,84.30021667480469,152.0612741087185,151.76280212402344,0,9.86066740926049e-21,1.691458489761958,1.6914613246917725
Test_246,148.7445698847894,148.6304168701172,48.3329152308336,47.55007553100586,84.30021515367534,84.30021667480469,45.51454456979844,45.614219665527344,0,9.86066740926049e-21,1.691458489761958,1.6914613246917725
Test_247,144.3534789654144,144.3027801513672,9.01328961463615,8.86302375793457,84.30021515367534,84.30021667480469,133.7083806307289,133.71119689941406,0,9.86066740926049e-21,1.691458489761958,1.6914613246917725
Test_248,149.7379123400974,149.80699157714844,11.9758300773871,11.946229934692383,84.30021515367534,84.30021667480469,186.7379326335406,188.234619140625,0,9.86066740926049e-21,1.691458489761958,1.6914613246917725
Test_249,155.6628421442138,155.77584838867188,12.59033280815054,12.786417007446289,84.30021515367534,84.30021667480469,197.6850146738865,198.48069763183594,0,9.86066740926049e-21,1.691458489761958,1.6914613246917725
Test_250,153.0498670347696,152.96701049804688,11.8076535641547,12.011270523071289,84.30021515367534,84.30021667480469,184.244839960294,182.78492736816406,0,9.86066740926049e-21,1.580535392844359,1.5806349515914917
Test_251,141.4756312448214,141.5642852783203,10.4421423140311,10.176004409790039,84.30021515367534,84.30021667480469,145.838095456039,147.9368896484375,0,9.86066740926049e-21,1.580535392844359,1.5806349515914917
Test_252,144.6769434965775,144.7626495361328,127.7241896547481,127.40614318847656,84.30021515367534,84.30021667480469,44.58003151096774,44.56228256225586,0,9.86066740926049e-21,1.691458489761958,1.6914613246917725
Test_253,148.3175440270568,147.77891540527344,55.07048949080297,54.27364730834961,84.30021515367534,84.30021667480469,47.80025552467402,48.07099151611328,0,9.86066740926049e-21,1.691458489761958,1.6914613246917725
Test_254,144.2692395874127,144.14797973632812,94.59190533410997,93.2313003540039,84.30021515367534,84.30021667480469,46.43329782700401,46.36532974243164,0,9.86066740926049e-21,1.691458489761958,1.6914613246917725
Test_255,153.9156198632222,153.87911987304688,74.14013011119512,74.24772644042969,84.30021515367534,84.30021667480469,46.43329782700401,46.481361389160156,0,9.86066740926049e-21,1.691458489761958,1.6914613246917725
Test_256,153.9797385081901,153.89979553222656,67.72202646005927,67.5992202758789,84.30021515367534,84.30021667480469,48.71898719311025,48.69306945800781,0,9.86066740926049e-21,1.691458489761958,1.6914613246917725
Test_257,140.3749278395385,140.46685791015625,78.5774641745167,79.31045532226562,84.30021515367534,84.30021667480469,51.03794485278402,51.00893783569336,0,9.86066740926049e-21,1.691458489761958,1.6914613246917725
Test_258,150.8788572114478,150.87747192382812,9.714708730800568,9.999204635620117,84.30021515367534,84.30021667480469,148.9413083398711,151.37535095214844,0,9.86066740926049e-21,1.580535392844359,1.5806349515914917
Test_259,147.0385605644859,147.0722198486328,10.43039802350499,10.282293319702148,84.30021515367534,84.30021667480469,148.9937906381597,150.21409606933594,0,9.86066740926049e-21,1.691458489761958,1.6914613246917725
Test_260,196.3907679513856,196.3771209716797,54.8537598353036,56.2767448425293,84.30021515367534,84.30021667480469,48.71898719311025,48.602176666259766,0,9.86066740926049e-21,1.691458489761958,1.6914613246917725
Test_261,143.2140884854572,143.19793701171875,59.4937476765087,60.162540435791016,84.30021515367534,84.30021667480469,47.80025552467402,47.65834045410156,0,9.86066740926049e-21,1.691458489761958,1.6914613246917725
Test_262,149.2160686073819,149.3145751953125,10.27973000221501,10.341703414916992,84.30021515367534,84.30021667480469,162.964099171898,164.56056213378906,0,9.86066740926049e-21,1.691458489761958,1.6914613246917725
Test_263,147.599177726953,147.5277557373047,10.11649731716363,10.080766677856445,84.30021515367534,84.30021667480469,165.9404348582633,165.1574249267578,0,9.86066740926049e-21,1.691458489761958,1.6914613246917725
Test_264,180.08701569374,180.05142211914062,52.27385872050273,52.72164535522461,84.30021515367534,84.30021667480469,46.86574246584333,46.88600158691406,0,9.86066740926049e-21,1.691458489761958,1.6914613246917725
Test_265,155.6399148711647,155.6764678955078,12.79246845556966,12.99793815612793,84.30021515367534,84.30021667480469,206.2405360232364,205.97833251953125,0,9.86066740926049e-21,1.691458489761958,1.6914613246917725
Test_266,143.6225911790879,143.5920867919922,10.35557134893971,10.121789932250977,84.30021515367534,84.30021667480469,134.928880117132,136.77810668945312,0,9.86066740926049e-21,1.691458489761958,1.6914613246917725
Test_267,147.9180222614754,147.86978149414062,97.88255191343424,97.8275375366211,84.30021515367534,84.30021667480469,47.80025552467402,48.13227844238281,0,9.86066740926049e-21,1.580535392844359,1.5806349515914917
Test_268,146.5341389686354,146.54273986816406,104.5309645559903,103.9730453491211,84.30021515367534,84.30021667480469,48.71898719311025,48.80119323730469,0,9.86066740926049e-21,1.691458489761958,1.6914613246917725
Test_269,148.5962550393585,148.68801879882812,71.76599155706408,72.69857788085938,84.30021515367534,84.30021667480469,48.71898719311025,48.62754440307617,0,9.86066740926049e-21,1.691458489761958,1.6914613246917725
Test_270,150.2725150354984,150.2964630126953,75.22835520779407,76.21634674072266,84.30021515367534,84.30021667480469,46.84691705897059,46.880035400390625,0,9.86066740926049e-21,1.691458489761958,1.6914613246917725
Test_271,174.2245421993516,173.50897216796875,107.3348059752532,109.32779693603516,84.30021515367534,84.30021667480469,45.51454456979844,45.460166931152344,0,9.86066740926049e-21,1.691458489761958,1.6914613246917725
Test_272,153.8917426843217,153.9580535888672,14.29591035306705,13.976961135864258,84.30021515367534,84.30021667480469,213.5676348078319,214.3821258544922,0,9.86066740926049e-21,1.691458489761958,1.6914613246917725
Test_273,147.9180222614754,147.79991149902344,10.49196919368969,10.769311904907227,84.30021515367534,84.30021667480469,174.987985849857,175.34371948242188,0,9.86066740926049e-21,1.691458489761958,1.6914613246917725
Test_274,144.2692611761821,144.414794921875,9.159359228054692,8.93864631652832,84.30021515367534,84.30021667480469,139.3317800933412,136.42160034179688,0,9.86066740926049e-21,1.691458489761958,1.6914613246917725
Test_275,147.7548759315014,147.9040069580078,12.21121242960442,12.449579238891602,84.30021515367534,84.30021667480469,209.9396852961914,209.93357849121094,0,9.86066740926049e-21,1.691458489761958,1.6914613246917725
Test_276,147.6988314862702,147.89974975585938,16.95262430921335,18.43728256225586,84.30021515367534,84.30021667480469,100.983023023559,103.3893051147461,0,9.86066740926049e-21,1.580535392844359,1.5806349515914917
Test_277,151.2338845233999,151.11624145507812,112.0919344789486,111.65767669677734,84.30021515367534,84.30021667480469,44.58003151096774,44.49069595336914,0,9.86066740926049e-21,1.691458489761958,1.6914613246917725
Test_278,155.7370859220067,155.62847900390625,12.00516921493304,12.22978401184082,84.30021515367534,84.30021667480469,180.3323720573968,179.76303100585938,0,9.86066740926049e-21,1.580535392844359,1.5806349515914917
Test_279,153.3304346812353,153.2057647705078,17.69031255788489,20.79935646057129,84.30021515367534,84.30021667480469,104.9491606070589,109.44202423095703,0,9.86066740926049e-21,1.691458489761958,1.6914613246917725
Test_280,150.6064501197961,150.51824951171875,98.80076545140606,98.74834442138672,84.30021515367534,84.30021667480469,48.71898719311025,48.64647674560547,0,9.86066740926049e-21,1.691458489761958,1.6914613246917725
Test_281,142.4154551409121,142.5061798095703,13.19481834993582,13.510160446166992,84.30021515367534,84.30021667480469,170.5441751557306,167.9383544921875,0,9.86066740926049e-21,1.691458489761958,1.6914613246917725
Test_282,141.2141480704606,142.1102752685547,160.1180732973262,147.34510803222656,84.30021515367534,84.30021667480469,44.58003151096774,46.29762268066406,0,9.86066740926049e-21,1.691458489761958,1.6914613246917725
Test_283,195.7814681140353,195.95089721679688,127.4268907120365,125.84357452392578,84.30021515367534,84.30021667480469,46.86574246584333,46.9342155456543,0,9.86066740926049e-21,1.691458489761958,1.6914613246917725
Test_284,140.3749278395385,140.47055053710938,41.74166964951497,42.53692626953125,84.30021515367534,84.30021667480469,46.84691705897059,46.85566711425781,0,9.86066740926049e-21,1.691458489761958,1.6914613246917725
Test_285,142.7923518762152,142.59957885742188,9.038095110618697,8.968420028686523,84.30021515367534,84.30021667480469,139.3610328758097,139.5479278564453,0,9.86066740926049e-21,1.691458489761958,1.6914613246917725
Test_286,161.3569664152151,161.39450073242188,91.8823204818268,91.49395751953125,84.30021515367534,84.30021667480469,47.80025552467402,48.18970489501953,0,9.86066740926049e-21,1.580535392844359,1.5806349515914917
Test_287,150.5610489378541,150.60833740234375,11.36497584864373,11.460638046264648,84.30021515367534,84.30021667480469,168.7283005882076,170.52188110351562,0,9.86066740926049e-21,1.691458489761958,1.6914613246917725
Test_288,198.4647794340202,198.32594299316406,11.86497174677755,11.773813247680664,84.30021515367534,84.30021667480469,177.5513499673362,177.37823486328125,0,9.86066740926049e-21,1.691458489761958,1.6914613246917725
Test_289,141.875843851022,141.76437377929688,10.41057953324217,10.198766708374023,84.30021515367534,84.30021667480469,149.5096111042267,150.84275817871094,0,9.86066740926049e-21,1.691458489761958,1.6914613246917725
Test_290,150.8991506546363,150.79722595214844,9.963648830169356,9.949422836303711,84.30021515367534,84.30021667480469,155.8957633767253,157.45098876953125,0,9.86066740926049e-21,1.691458489761958,1.6914613246917725
Test_291,146.9929866723892,146.68592834472656,23.22385956246473,24.30189323425293,84.30021515367534,84.30021667480469,126.0751315079885,125.62140655517578,0,9.86066740926049e-21,1.580535392844359,1.5806349515914917
Test_292,149.1746181702309,149.25701904296875,99.43677059644158,99.84446716308594,84.30021515367534,84.30021667480469,46.3927541181657,46.448734283447266,0,9.86066740926049e-21,1.691458489761958,1.6914613246917725
Validation_0,196.3907679513856,196.4319305419922,4.952053502151753,4.990442752838135,84.30021515367534,84.30021667480469,177.3605052462869,178.4347686767578,0,9.86066740926049e-21,3.374303060553476,3.374274969100952
Validation_1,147.119000319082,146.92666625976562,4.695082380584961,4.84905481338501,84.30021515367534,84.30021667480469,164.1688820342148,158.888427734375,0,9.86066740926049e-21,3.374303060553476,3.374274969100952
Validation_2,155.3653704913474,155.39437866210938,113.4637928272609,114.07695007324219,84.30021515367534,84.30021667480469,52.80390618557102,52.7679557800293,0,9.86066740926049e-21,3.374303060553476,3.374274969100952
Validation_3,144.1354755725234,144.22911071777344,4.32761993748756,4.590067386627197,84.30021515367534,84.30021667480469,156.144077401783,152.11224365234375,0,9.86066740926049e-21,3.374303060553476,3.374274969100952
Validation_4,141.2363197365825,141.09576416015625,50.49533272395434,50.2789192199707,84.30021515367534,84.30021667480469,48.61287839175758,48.40858459472656,0,9.86066740926049e-21,3.374303060553476,3.374274969100952
Validation_5,148.0440143193989,148.13424682617188,90.49003915770984,89.77679443359375,84.30021515367534,84.30021667480469,47.26165890694334,47.37706756591797,0,9.86066740926049e-21,3.374303060553476,3.374274969100952
Validation_6,150.3849709350398,150.67227172851562,96.55099979749735,94.68407440185547,84.30021515367534,84.30021667480469,52.37143995796235,52.33306121826172,0,9.86066740926049e-21,3.374303060553476,3.374274969100952
Validation_7,150.8603988136539,150.88265991210938,90.11506382287884,89.93467712402344,84.30021515367534,84.30021667480469,46.327167436882,46.24119567871094,0,9.86066740926049e-21,3.374303060553476,3.374274969100952
Validation_8,154.3641697239962,154.5132293701172,18.09995945629116,18.25030517578125,84.30021515367534,84.30021667480469,168.2104939553605,167.21966552734375,0,9.86066740926049e-21,3.374303060553476,3.374274969100952
Validation_9,144.8747613901268,144.97073364257812,102.061058221025,103.32628631591797,84.30021515367534,84.30021667480469,50.51819523069543,50.26919174194336,0,9.86066740926049e-21,3.374303060553476,3.374274969100952
Validation_10,154.2187909511969,154.24403381347656,5.506668986739746,5.493048191070557,84.30021515367534,84.30021667480469,202.904229196738,203.1022186279297,0,9.86066740926049e-21,3.374303060553476,3.374274969100952
Validation_11,155.9599467880013,156.00460815429688,4.988538522352364,4.955748081207275,84.30021515367534,84.30021667480469,167.8285238592602,169.84280395507812,0,9.86066740926049e-21,3.374303060553476,3.374274969100952
Validation_12,143.7088814901778,143.65939331054688,134.8306728053613,134.11813354492188,84.30021515367534,84.30021667480469,52.80390618557102,52.795555114746094,0,9.86066740926049e-21,3.374303060553476,3.374274969100952
Validation_13,205.819144834304,205.72784423828125,80.29636199012185,80.41101837158203,84.30021515367534,84.30021667480469,49.54736986181893,49.72560501098633,0,9.86066740926049e-21,3.374303060553476,3.374274969100952
Validation_14,155.9918549890998,155.80197143554688,67.83821721669814,67.89994049072266,84.30021515367534,84.30021667480469,50.42557941018619,50.631004333496094,0,9.86066740926049e-21,3.374303060553476,3.374274969100952
Validation_15,142.0219566419792,142.04380798339844,92.25910927328316,92.7063217163086,84.30021515367534,84.30021667480469,50.4661231190245,50.59528350830078,0,9.86066740926049e-21,3.374303060553476,3.374274969100952
Validation_16,152.812735992235,152.74160766601562,38.40223245146089,38.12685775756836,84.30021515367534,84.30021667480469,48.59405298488484,48.413509368896484,0,9.86066740926049e-21,3.374303060553476,3.374274969100952
Validation_17,202.8194932770413,204.1685028076172,101.8163279316793,94.97273254394531,84.30021515367534,84.30021667480469,46.327167436882,46.295440673828125,0,9.86066740926049e-21,3.374303060553476,3.374274969100952
Validation_18,148.0440143193989,148.0895538330078,90.49003915770984,90.27889251708984,84.30021515367534,84.30021667480469,52.37143995796235,52.26807403564453,0,9.86066740926049e-21,3.374303060553476,3.374274969100952
Validation_19,138.4726118395402,138.57839965820312,85.74836821286873,86.75177001953125,84.30021515367534,84.30021667480469,50.51819523069543,50.31100082397461,0,9.86066740926049e-21,3.374303060553476,3.374274969100952
Validation_20,141.5581219325057,141.69186401367188,42.32417782410248,42.3536262512207,84.30021515367534,84.30021667480469,46.327167436882,46.29121017456055,0,9.86066740926049e-21,3.374303060553476,3.374274969100952
Validation_21,152.188561492803,152.1826934814453,5.56316679612732,5.5099663734436035,84.30021515367534,84.30021667480469,185.1219484814244,184.10223388671875,0,9.86066740926049e-21,3.374303060553476,3.374274969100952
Validation_22,145.7826770851189,145.86007690429688,5.157038867125011,5.241915225982666,84.30021515367534,84.30021667480469,221.1838288027862,219.3199005126953,0,9.86066740926049e-21,3.374303060553476,3.374274969100952
Validation_23,144.1578631263388,144.14474487304688,3.692305633071232,3.608431100845337,84.30021515367534,84.30021667480469,139.5487904028421,140.27517700195312,0,9.86066740926049e-21,3.374303060553476,3.374274969100952
Validation_24,202.8194932770413,203.0452423095703,98.79554096922348,97.96702575683594,84.30021515367534,84.30021667480469,47.26165890694334,47.5479850769043,0,9.86066740926049e-21,3.374303060553476,3.374274969100952
Validation_25,141.5979316231862,141.6449737548828,6.239758827539844,6.448030948638916,84.30021515367534,84.30021667480469,240.2861548199734,238.32778930664062,0,9.86066740926049e-21,3.374303060553476,3.374274969100952
Validation_26,139.9387267548323,139.8328399658203,6.283562440549927,6.500589847564697,84.30021515367534,84.30021667480469,242.2520713344753,240.07823181152344,0,9.86066740926049e-21,3.374303060553476,3.374274969100952
Validation_27,207.852094477636,207.90203857421875,117.0495794723618,117.41722869873047,84.30021515367534,84.30021667480469,48.18041216414891,48.267391204833984,0,9.86066740926049e-21,3.374303060553476,3.374274969100952
Validation_28,146.2919993316117,146.30331420898438,124.6198541549098,123.47561645507812,84.30021515367534,84.30021667480469,48.61287839175758,48.58916473388672,0,9.86066740926049e-21,3.374303060553476,3.374274969100952
Validation_29,147.2292757529191,147.1839141845703,5.289118958005094,5.156820774078369,84.30021515367534,84.30021667480469,160.9956351826129,161.01414489746094,0,9.86066740926049e-21,3.374303060553476,3.374274969100952
Validation_30,206.3311224994268,206.29124450683594,143.3587116513293,143.41976928710938,84.30021515367534,84.30021667480469,52.37143995796235,52.19655227661133,0,9.86066740926049e-21,3.374303060553476,3.374274969100952
Validation_31,152.4202305766922,152.4146270751953,99.01531464120112,97.95498657226562,84.30021515367534,84.30021667480469,47.26165890694334,47.38946533203125,0,9.86066740926049e-21,3.374303060553476,3.374274969100952
Validation_32,144.5123938965959,144.3883056640625,90.49524205112309,89.71473693847656,84.30021515367534,84.30021667480469,50.51819523069543,50.37674331665039,0,9.86066740926049e-21,3.374303060553476,3.374274969100952
Validation_33,145.1630362272503,145.169189453125,4.773363258246155,4.699839115142822,84.30021515367534,84.30021667480469,154.3952359630901,155.03286743164062,0,9.86066740926049e-21,3.374303060553476,3.374274969100952
Validation_34,144.4615091672391,144.35826110839844,10.22770106808278,9.619775772094727,84.30021515367534,84.30021667480469,96.99959283581008,95.61566925048828,0,9.86066740926049e-21,3.374303060553476,3.374274969100952
Validation_35,207.6634302222909,207.59544372558594,91.27179008462366,89.13213348388672,84.30021515367534,84.30021667480469,48.61287839175758,48.3671989440918,0,9.86066740926049e-21,3.374303060553476,3.374274969100952
Validation_36,177.6145402952221,177.95738220214844,102.187762708337,101.25187683105469,84.30021515367534,84.30021667480469,45.51454456979844,45.414058685302734,0,9.86066740926049e-21,1.691458489761958,1.6914613246917725
Validation_37,190.1092132663852,188.22885131835938,98.09841801815962,100.81016540527344,84.30021515367534,84.30021667480469,51.05677025965677,51.02274703979492,0,9.86066740926049e-21,1.580535392844359,1.5806349515914917
Validation_38,190.2157754318941,188.610595703125,73.04186623684866,68.79670715332031,84.30021515367534,84.30021667480469,46.86574246584333,46.8936653137207,0,9.86066740926049e-21,1.691458489761958,1.6914613246917725
Validation_39,201.5659845623028,201.5717315673828,114.2540929068371,114.16311645507812,84.30021515367534,84.30021667480469,47.80025552467402,48.204017639160156,0,9.86066740926049e-21,1.691458489761958,1.6914613246917725
Validation_40,151.6538724423245,151.5413055419922,33.54510476813878,32.899620056152344,84.30021515367534,84.30021667480469,174.422187382746,174.51449584960938,0,9.86066740926049e-21,1.691458489761958,1.6914613246917725
Validation_41,143.6627031125392,143.69895935058594,63.70757321075519,65.0437240600586,84.30021515367534,84.30021667480469,44.58003151096774,44.691627502441406,0,9.86066740926049e-21,1.691458489761958,1.6914613246917725
Validation_42,153.9285515360625,154.0119171142578,12.16000386870747,12.143274307250977,84.30021515367534,84.30021667480469,154.4782016037001,156.98388671875,0,9.86066740926049e-21,1.691458489761958,1.6914613246917725
Validation_43,166.3066451527384,166.26300048828125,87.06765790781509,86.84796905517578,84.30021515367534,84.30021667480469,46.84691705897059,46.73910903930664,0,9.86066740926049e-21,1.691458489761958,1.6914613246917725
Validation_44,175.9865959648863,176.15423583984375,89.7119799103548,91.27847290039062,84.30021515367534,84.30021667480469,45.51454456979844,45.466976165771484,0,9.86066740926049e-21,1.691458489761958,1.6914613246917725
Validation_45,144.5123938965959,144.38748168945312,96.43405343393124,96.00617980957031,84.30021515367534,84.30021667480469,48.77105930478118,48.70354461669922,0,9.86066740926049e-21,1.691458489761958,1.6914613246917725
Validation_46,144.9336339641428,144.81590270996094,73.85448910393222,74.69873046875,84.30021515367534,84.30021667480469,44.56122769286435,44.582237243652344,0,9.86066740926049e-21,1.691458489761958,1.6914613246917725
Validation_47,162.4530930013959,162.36431884765625,96.45268454187983,96.53832244873047,84.30021515367534,84.30021667480469,52.86949286685472,52.705467224121094,0,9.86066740926049e-21,1.580535392844359,1.5806349515914917
Validation_48,197.2997630848452,197.1719512939453,112.6613598593103,112.74939727783203,84.30021515367534,84.30021667480469,46.86574246584333,46.93659210205078,0,9.86066740926049e-21,1.691458489761958,1.6914613246917725
Validation_49,158.2151959893248,158.16929626464844,63.40561109386409,63.5230598449707,84.30021515367534,84.30021667480469,44.58003151096774,44.77316665649414,0,9.86066740926049e-21,1.691458489761958,1.6914613246917725
Validation_50,145.2316237474736,145.1137237548828,43.83787438704087,43.02306365966797,84.30021515367534,84.30021667480469,46.86574246584333,46.97454071044922,0,9.86066740926049e-21,1.580535392844359,1.5806349515914917
Validation_51,152.3692594922581,152.24790954589844,58.54505079621541,58.630958557128906,84.30021515367534,84.30021667480469,44.58003151096774,44.717185974121094,0,9.86066740926049e-21,1.580535392844359,1.5806349515914917
Validation_52,149.9361620090336,149.98890686035156,27.54560735468923,28.978681564331055,84.30021515367534,84.30021667480469,141.58884275129,141.96775817871094,0,9.86066740926049e-21,1.691458489761958,1.6914613246917725
Validation_53,168.7076401359402,169.09085083007812,43.77459770407756,47.037601470947266,84.30021515367534,84.30021667480469,48.67846507304129,48.60997009277344,0,9.86066740926049e-21,1.691458489761958,1.6914613246917725
Validation_54,149.7623076494623,149.72349548339844,23.32219640685159,23.85688591003418,84.30021515367534,84.30021667480469,127.8043271665733,127.50434875488281,0,9.86066740926049e-21,1.691458489761958,1.6914613246917725
Validation_55,150.6702665219931,150.82679748535156,12.11518558353796,12.24812126159668,84.30021515367534,84.30021667480469,183.8797091042863,183.65623474121094,0,9.86066740926049e-21,1.691458489761958,1.6914613246917725
Validation_56,158.6446397892245,158.58399963378906,38.44748251201739,38.50865936279297,84.30021515367534,84.30021667480469,46.3927541181657,46.5220832824707,0,9.86066740926049e-21,1.691458489761958,1.6914613246917725
Validation_57,141.7819758818904,141.85943603515625,13.82061200706903,13.092733383178711,84.30021515367534,84.30021667480469,154.2475687807397,154.06674194335938,0,9.86066740926049e-21,1.691458489761958,1.6914613246917725
Validation_58,193.5069833192215,193.5744171142578,12.07936981518718,12.446187973022461,84.30021515367534,84.30021667480469,216.8031868477763,218.87008666992188,0,9.86066740926049e-21,1.691458489761958,1.6914613246917725
Validation_59,140.8462322632068,140.77780151367188,10.42277718792462,10.511102676391602,84.30021515367534,84.30021667480469,168.049787156323,166.4571533203125,0,9.86066740926049e-21,1.691458489761958,1.6914613246917725
Validation_60,150.3849709350398,150.653076171875,102.6151987526873,100.46898651123047,84.30021515367534,84.30021667480469,50.6243040320481,50.53643035888672,0,9.86066740926049e-21,1.691458489761958,1.6914613246917725
Validation_61,140.8073293008391,140.74920654296875,12.92254079090025,12.815450668334961,84.30021515367534,84.30021667480469,165.3138855942028,167.0626983642578,0,9.86066740926049e-21,1.691458489761958,1.6914613246917725
Validation_62,142.254834696952,142.2836151123047,10.41275999894647,10.370073318481445,84.30021515367534,84.30021667480469,152.3556585675679,154.59716796875,0,9.86066740926049e-21,1.691458489761958,1.6914613246917725
Validation_63,142.882096390401,142.87330627441406,48.3329152308336,47.62788009643555,84.30021515367534,84.30021667480469,48.71898719311025,48.60862350463867,0,9.86066740926049e-21,1.580535392844359,1.5806349515914917
Validation_64,176.6314956828938,176.36041259765625,10.31794212396358,9.783060073852539,84.30021515367534,84.30021667480469,151.5765630592841,152.20359802246094,0,9.86066740926049e-21,1.580535392844359,1.5806349515914917
Validation_65,152.3794709801604,152.33030700683594,12.18366515991449,12.296148300170898,84.30021515367534,84.30021667480469,172.9291080945364,174.04290771484375,0,9.86066740926049e-21,1.691458489761958,1.6914613246917725
Validation_66,142.5844304386104,142.59632873535156,100.2693630751734,101.13494873046875,84.30021515367534,84.30021667480469,46.86574246584333,47.070796966552734,0,9.86066740926049e-21,1.691458489761958,1.6914613246917725
Validation_67,149.1945446043405,149.2913360595703,11.38943592431668,11.43858528137207,84.30021515367534,84.30021667480469,150.1547914762357,149.90188598632812,0,9.86066740926049e-21,1.691458489761958,1.6914613246917725
Validation_68,166.0168375129911,165.9858856201172,84.77477948151548,84.66593933105469,84.30021515367534,84.30021667480469,46.84691705897059,46.94205093383789,0,9.86066740926049e-21,1.691458489761958,1.6914613246917725
Validation_69,160.5613554983789,160.02728271484375,83.58340324496474,84.8958969116211,84.30021515367534,84.30021667480469,47.77212535821166,47.98369216918945,0,9.86066740926049e-21,1.580535392844359,1.5806349515914917
Validation_70,195.5485900590625,195.51040649414062,30.2634391168639,30.033355712890625,84.30021515367534,84.30021667480469,178.6051193880534,176.6811065673828,0,9.86066740926049e-21,1.580535392844359,1.5806349515914917
Validation_71,153.6630528506027,153.63926696777344,12.80913498550746,12.825971603393555,84.30021515367534,84.30021667480469,166.7735670562288,168.53334045410156,0,9.86066740926049e-21,1.691458489761958,1.6914613246917725
Validation_72,143.5217500374565,143.4612579345703,12.43087815773532,12.588716506958008,84.30021515367534,84.30021667480469,198.2352476382966,195.06906127929688,0,9.86066740926049e-21,1.580535392844359,1.5806349515914917
Validation_73,138.7441122028792,139.3297119140625,31.9734639482664,32.27540588378906,84.30021515367534,84.30021667480469,172.8830376607446,170.97079467773438,0,9.86066740926049e-21,1.691458489761958,1.6914613246917725
